"Time (s)","Sound pressure level (dB)"
0.000000000E0,-∞
2.592814620E-1,-∞
3.653140770E-1,-2.096516257E1
5.638646150E-1,-1.656833022E1
7.645457690E-1,-1.979897748E1
9.647646150E-1,-1.962660098E1
1.159728000E0,-2.881434453E1
1.359794154E0,-2.887628864E1
1.563637846E0,-2.860499754E1
1.763114769E0,-2.954541983E1
1.967304539E0,-3.008873446E1
2.166667616E0,-2.917424056E1
2.358938462E0,-3.252804788E1
2.562584308E0,-2.955769137E1
2.761261539E0,-3.078247423E1
2.964526693E0,-3.107395925E1
3.161948539E0,-2.831927630E1
3.358970385E0,-3.223470834E1
3.562016000E0,-2.708947665E1
3.762985231E0,-2.957976897E1
3.960310462E0,-2.872203908E1
4.163183693E0,-2.723548546E1
4.365054770E0,-3.090534225E1
4.562962693E0,-3.227811487E1
4.759178462E0,-3.169369536E1
4.961509231E0,-3.152282588E1
5.160505770E0,-3.293302745E1
5.364861539E0,-3.178414760E1
5.565633462E0,-3.198567326E1
5.763888000E0,-3.013451708E1
5.960275616E0,-3.197100482E1
6.164711077E0,-3.377740918E1
6.361304616E0,-3.329641724E1
6.560505154E0,-3.411067830E1
6.768389770E0,-3.093792712E1
6.966337154E0,-3.336470161E1
7.165642385E0,-2.868829946E1
7.363316231E0,-3.164088215E1
7.566194462E0,-2.970782279E1
7.766457847E0,-2.873392911E1
7.967530693E0,-2.702829954E1
8.164039077E0,-3.215201558E1
8.362897847E0,-3.134108562E1
8.564083616E0,-3.221436206E1
8.766637231E0,-3.031584275E1
8.963086077E0,-2.876688353E1
9.166544001E0,-3.224243469E1
9.367008308E0,-3.233434295E1
9.566448001E0,-2.726728659E1
9.766897847E0,-3.006815153E1
9.967390770E0,-2.601944972E1
1.016707662E1,-2.688488815E1
1.036692054E1,-2.325623629E1
1.056503169E1,-2.504025044E1
1.076839969E1,-2.561979429E1
1.096729631E1,-2.795283171E1
1.116722823E1,-2.971902849E1
1.136670700E1,-2.824653966E1
1.156330823E1,-2.951071068E1
1.176741416E1,-2.885515451E1
1.196740062E1,-2.761204597E1
1.216695569E1,-2.964393154E1
1.236513962E1,-2.725191819E1
1.256618977E1,-3.112909488E1
1.276785962E1,-2.981907708E1
1.296664246E1,-3.015021421E1
1.316744462E1,-3.193778057E1
1.336701469E1,-3.072896042E1
1.356668646E1,-2.907245630E1
1.376854362E1,-2.890029727E1
1.396768792E1,-2.969762835E1
1.416705508E1,-3.003665253E1
1.436656916E1,-2.888565285E1
1.456310577E1,-2.630628332E1
1.476694708E1,-2.695148285E1
1.496722454E1,-2.739099240E1
1.516676523E1,-2.767710073E1
1.536314208E1,-2.411263421E1
1.556335962E1,-2.027967275E1
1.576734916E1,-2.507357336E1
1.596779039E1,-2.643619772E1
1.616505231E1,-2.762942466E1
1.636641716E1,-2.577334537E1
1.656779539E1,-2.683579860E1
1.676678362E1,-2.906979034E1
1.696609416E1,-2.730407276E1
1.716140177E1,-3.042514148E1
1.736687200E1,-2.670874737E1
1.756826923E1,-2.881321840E1
1.776695439E1,-2.392464374E1
1.796802585E1,-2.887803541E1
1.816589223E1,-2.915003751E1
1.836857746E1,-2.112320331E1
1.856725631E1,-2.752169500E1
1.876502062E1,-2.990569075E1
1.896679416E1,-2.353473631E1
1.916709600E1,-2.712782711E1
1.936716300E1,-2.994267533E1
1.956415077E1,-3.131929920E1
1.976724300E1,-3.053511614E1
1.996696208E1,-2.886457133E1
2.016711539E1,-2.770682216E1
2.036803816E1,-2.808224352E1
2.056742454E1,-2.900048080E1
2.076803808E1,-2.962520167E1
2.096732892E1,-3.038493217E1
2.116758362E1,-2.834184331E1
2.136679716E1,-3.121671543E1
2.156696185E1,-2.968478401E1
2.176660585E1,-3.047283640E1
2.196663631E1,-3.085444308E1
2.216700708E1,-3.093909415E1
2.236759385E1,-2.935277011E1
2.255912269E1,-2.898305964E1
2.276677816E1,-2.977643218E1
2.296648000E1,-2.826161190E1
2.316685346E1,-2.765789459E1
2.336697654E1,-2.778094936E1
2.356704300E1,-2.846433901E1
2.376694985E1,-2.709280343E1
2.396706985E1,-2.645521383E1
2.416679408E1,-2.597613164E1
2.436666516E1,-2.819127311E1
2.456762639E1,-2.323935426E1
2.476669354E1,-2.586439526E1
2.496887993E1,-2.473474237E1
2.516892669E1,-2.301874618E1
2.536489100E1,-2.306908770E1
2.556696054E1,-2.367215811E1
2.576347285E1,-2.451040321E1
2.596675685E1,-2.448518225E1
2.616739069E1,-2.377496456E1
2.636564739E1,-2.049320362E1
2.656768454E1,-2.378631398E1
2.676711016E1,-2.391120496E1
2.696774639E1,-2.219844078E1
2.716689631E1,-2.179188795E1
2.736727100E1,-2.206229387E1
2.756721931E1,-2.168926978E1
2.776597993E1,-2.396788628E1
2.796441931E1,-2.156667038E1
2.816712000E1,-2.238211845E1
2.836714739E1,-2.290417124E1
2.856660339E1,-2.243653443E1
2.876683654E1,-2.392291498E1
2.896538831E1,-2.468552397E1
2.916115908E1,-2.540018681E1
2.936162023E1,-2.530145756E1
2.956039662E1,-2.636839809E1
2.976184339E1,-2.575713925E1
2.996177285E1,-2.463209965E1
3.016704616E1,-2.294337237E1
3.036656054E1,-2.529056063E1
3.056753723E1,-2.286503239E1
3.076663600E1,-2.419624187E1
3.096679962E1,-2.276551570E1
3.116701077E1,-2.293449607E1
3.136754916E1,-2.665696391E1
3.156730523E1,-2.447800305E1
3.176749008E1,-2.438783531E1
3.196554493E1,-2.417940192E1
3.216674492E1,-2.723953884E1
3.236797500E1,-2.717861523E1
3.256646154E1,-1.877437908E1
3.276633223E1,-2.588807168E1
3.296681008E1,-2.901266696E1
3.316643754E1,-2.625190765E1
3.336719662E1,-2.708330730E1
3.356892616E1,-2.966367268E1
3.376679346E1,-3.039520070E1
3.396762492E1,-2.671477569E1
3.416712862E1,-2.875035955E1
3.436761292E1,-2.845251403E1
3.456703285E1,-2.821006955E1
3.476738362E1,-2.787213052E1
3.496614977E1,-2.708623617E1
3.516486400E1,-2.764190094E1
3.536499108E1,-2.659568574E1
3.556428031E1,-2.686805555E1
3.576494708E1,-2.755906583E1
3.596654554E1,-2.643912550E1
3.616652885E1,-2.789051253E1
3.636712923E1,-2.910321920E1
3.656675970E1,-2.717217932E1
3.676668762E1,-2.757889530E1
3.696683623E1,-2.814526256E1
3.716772146E1,-2.921630790E1
3.736742362E1,-2.783319282E1
3.756772700E1,-2.652161985E1
3.776695231E1,-2.542771261E1
3.796771539E1,-2.449125692E1
3.816651200E1,-2.509036303E1
3.836690085E1,-2.340543136E1
3.856813323E1,-2.620048004E1
3.876741870E1,-2.458743475E1
3.896665785E1,-2.616770645E1
3.916677231E1,-2.434305766E1
3.936748031E1,-2.533513755E1
3.956763970E1,-2.759756060E1
3.976768092E1,-2.796204297E1
3.996440639E1,-2.278085192E1
4.016411931E1,-2.336271974E1
4.036700770E1,-2.727110773E1
4.056685316E1,-2.755863858E1
4.076686277E1,-2.385289882E1
4.096681877E1,-2.341771743E1
4.116755746E1,-2.411420149E1
4.136703193E1,-2.611584219E1
4.156679785E1,-2.570378940E1
4.176750216E1,-2.581987947E1
4.196768493E1,-2.681856030E1
4.216526431E1,-2.481980757E1
4.236690977E1,-2.553316524E1
4.256715746E1,-2.564330863E1
4.276662823E1,-2.577660458E1
4.296661654E1,-2.552910444E1
4.316235693E1,-2.878761982E1
4.336762762E1,-2.225219402E1
4.355871570E1,-2.039311273E1
4.375843470E1,-1.788804823E1
4.395851323E1,-2.376201832E1
4.415847962E1,-2.604378214E1
4.435801816E1,-2.581479378E1
4.446627562E1,-2.639634998E1
4.466710085E1,-2.445670731E1
4.486701385E1,-2.711196109E1
4.506682639E1,-2.857389498E1
4.526699993E1,-2.921295200E1
4.546679962E1,-2.834336783E1
4.566692246E1,-2.898656018E1
4.586719162E1,-3.010926862E1
4.606753323E1,-3.098508222E1
4.626689293E1,-2.966393904E1
4.646689200E1,-2.747272011E1
4.666716185E1,-3.120811217E1
4.686679262E1,-3.402515995E1
4.706726800E1,-3.359670245E1
4.726690185E1,-2.846405881E1
4.746771785E1,-2.920532608E1
4.766784977E1,-2.997327570E1
4.786656454E1,-1.950807269E1
4.806691508E1,-1.679392125E1
4.826793477E1,-1.617888220E1
4.846691070E1,-2.078209481E1
4.866654893E1,-2.063688676E1
4.886650154E1,-1.478881991E1
4.906693746E1,-1.426988068E1
4.926707816E1,-2.276978631E1
4.946689870E1,-1.980448655E1
4.966760054E1,-1.611755329E1
4.986228977E1,-1.415475375E1
5.006601316E1,-1.702999431E1
5.026507993E1,-1.741193945E1
5.046701170E1,-1.540391705E1
5.066704454E1,-1.363997422E1
5.086656123E1,-1.930715463E1
5.106687693E1,-1.971679825E1
5.126618300E1,-2.079190643E1
5.146737693E1,-2.561799457E1
5.166747900E1,-2.072149152E1
5.186657685E1,-2.020776182E1
5.207025662E1,-2.401599508E1
5.226638823E1,-2.808751543E1
5.246653323E1,-2.102477661E1
5.266666577E1,-1.967014399E1
5.285736731E1,-1.556401479E1
5.305775100E1,-1.386148190E1
5.325766916E1,-1.970052951E1
5.345947200E1,-1.751758113E1
5.365975316E1,-2.269381486E1
5.386685662E1,-1.984581074E1
5.406698246E1,-2.280051782E1
5.426638270E1,-2.524391431E1
5.446673531E1,-2.895071426E1
5.466695754E1,-2.439911227E1
5.486616577E1,-2.710563194E1
5.506673408E1,-3.085517932E1
5.526750854E1,-3.088987405E1
5.546635877E1,-2.865157618E1
5.566636523E1,-2.885955061E1
5.586675600E1,-2.915748362E1
5.605839993E1,-3.217843459E1
5.625830854E1,-2.477994943E1
5.645749531E1,-2.894600153E1
5.665790493E1,-3.085409419E1
5.685934454E1,-2.601699406E1
5.706702885E1,-2.148814576E1
5.726688177E1,-2.623865608E1
5.746670331E1,-2.808178167E1
5.766806085E1,-3.189207843E1
5.786670270E1,-3.495917172E1
5.806841631E1,-2.966378018E1
5.826720731E1,-3.358905073E1
5.846697593E1,-2.826710252E1
5.866660339E1,-2.783826969E1
5.886608339E1,-3.614781797E1
5.906760270E1,-3.506061215E1
5.926809477E1,-3.756996877E1
5.945924116E1,-3.753460436E1
5.966724093E1,-3.268331081E1
5.986679508E1,-3.760760249E1
6.006660770E1,-3.828794981E1
6.026767285E1,-3.824925709E1
6.046606862E1,-3.720845184E1
6.066776608E1,-3.766426453E1
6.086789531E1,-3.883066799E1
6.106733877E1,-3.903793881E1
6.126754247E1,-3.692836898E1
6.146807816E1,-3.918167156E1
6.166677931E1,-3.477938374E1
6.186656362E1,-3.771261318E1
6.206696924E1,-3.700804435E1
6.226728270E1,-3.723083743E1
6.246735016E1,-3.739910107E1
6.266736977E1,-3.885282607E1
6.286787600E1,-3.665444162E1
6.306797377E1,-3.610462387E1
6.326693939E1,-3.855708922E1
6.346714147E1,-2.025618006E1
6.366621100E1,-1.409530823E1
6.386422331E1,-4.315914551E1
6.406715939E1,-3.692151506E1
6.426668031E1,-3.923882307E1
6.446679508E1,-3.633221276E1
6.466701293E1,-3.102693007E1
6.486653139E1,-2.215040919E1
6.506665346E1,-1.957198432E1
6.526646454E1,-2.109213290E1
6.546689939E1,-2.491341498E1
6.566758116E1,-2.612887011E1
6.586657016E1,-3.213725985E1
6.606761993E1,-3.409615074E1
6.626637747E1,-2.803591615E1
6.646698485E1,-2.867405997E1
6.666664154E1,-3.655873098E1
6.686795193E1,-3.053098744E1
6.706866924E1,-3.195296254E1
6.726727139E1,-2.707766880E1
6.746648400E1,-1.940086066E1
6.766641262E1,-1.959366487E1
6.787579231E1,-3.245333764E1
6.806771508E1,-3.409400709E1
6.826695224E1,-2.475465888E1
6.846592647E1,-3.513374533E1
6.866307631E1,-3.280613713E1
6.886604277E1,-2.091583358E1
6.906077931E1,-2.225122554E1
6.926038147E1,-1.473374723E1
6.945945662E1,-1.904086892E1
6.965879293E1,-3.629735920E1
6.986153077E1,-4.136541429E1
7.005877077E1,-3.986026871E1
7.025873162E1,-3.863605666E1
7.045891100E1,-3.838988620E1
7.066309070E1,-3.879191469E1
7.086229500E1,-4.113910134E1
7.105890916E1,-3.659616362E1
7.125907900E1,-3.593753532E1
7.145871931E1,-2.794239241E1
7.165868916E1,-4.020706015E1
7.185874370E1,-3.917717279E1
7.206664677E1,-3.804983191E1
7.226695624E1,-3.822252627E1
7.246783324E1,-3.975361773E1
7.266685139E1,-3.991769623E1
7.286666247E1,-3.903809675E1
7.306699354E1,-3.891137375E1
7.326898577E1,-3.781473102E1
7.346723870E1,-4.141670197E1
7.367109070E1,-3.855552322E1
7.386655908E1,-3.293361661E1
7.406840031E1,-3.387376744E1
7.426508700E1,-3.425208445E1
7.446633877E1,-4.199321643E1
7.466226000E1,-3.038694676E1
7.487845354E1,-4.094523223E1
7.506720862E1,-4.342793010E1
7.526742147E1,-4.524812418E1
7.546707224E1,-3.584120126E1
7.566777716E1,-3.531141864E1
7.586751662E1,-4.499217650E1
7.606430985E1,-4.514345921E1
7.626895908E1,-4.514796702E1
7.646629839E1,-4.513673378E1
7.666343847E1,-3.555406892E1
7.686774277E1,-4.494195737E1
7.706703047E1,-4.519965369E1
7.726747900E1,-4.451421103E1
7.746371877E1,-4.569707055E1
7.766791970E1,-3.862254023E1
7.786603439E1,-4.093262087E1
7.806748947E1,-3.652776011E1
7.826692454E1,-4.307502738E1
7.846672116E1,-4.388165638E1
7.866690924E1,-4.421014864E1
7.886706124E1,-4.382884608E1
7.906724547E1,-4.868322808E1
7.926708124E1,-4.828814534E1
7.946698031E1,-4.320423278E1
7.965923231E1,-4.622724903E1
7.986670000E1,-4.540651037E1
8.006708062E1,-4.280794985E1
8.026672208E1,-4.579563153E1
8.046639139E1,-3.852981682E1
8.066632977E1,-4.260241737E1
8.086698985E1,-3.628848782E1
8.106641654E1,-4.580336148E1
8.126667354E1,-4.331300068E1
8.146703224E1,-4.138023936E1
8.166668431E1,-4.131937626E1
8.186622370E1,-3.897235696E1
8.206502277E1,-4.776127638E1
8.226735039E1,-4.571337585E1
8.246782547E1,-3.597491715E1
8.266671224E1,-4.444789529E1
8.286672762E1,-3.318623672E1
8.306668462E1,-2.587877644E1
8.326707877E1,-3.961469460E1
8.346685385E1,-3.510106032E1
8.366596308E1,-4.153881890E1
8.386664331E1,-4.067441970E1
8.406634247E1,-3.797588849E1
8.426727439E1,-3.735740604E1
8.446826339E1,-3.565330625E1
8.466044585E1,-5.016793169E1
8.486680516E1,-4.912024058E1
8.506694339E1,-3.904539359E1
8.526705162E1,-3.849108603E1
8.546695816E1,-3.652548532E1
8.566542916E1,-4.570617599E1
8.585951962E1,-4.598972130E1
8.606659993E1,-4.063512503E1
8.626681008E1,-4.053957045E1
8.646665100E1,-4.014518231E1
8.666709447E1,-4.691111740E1
8.686658308E1,-2.258593765E1
8.705932054E1,-4.156548079E1
8.726627816E1,-2.927276109E1
8.746721347E1,-3.529420934E1
8.766531570E1,-4.737375742E1
8.786710977E1,-3.819682020E1
8.806714062E1,-4.286685881E1
8.826177600E1,-4.764302941E1
8.846650708E1,-4.723340288E1
8.866735139E1,-4.949259279E1
8.886676524E1,-5.016737517E1
8.905874062E1,-5.160871819E1
8.926813193E1,-4.789984746E1
8.946239816E1,-4.850413540E1
8.966667131E1,-4.978216463E1
8.986664639E1,-4.792432452E1
9.006693108E1,-4.418992810E1
9.026652178E1,-3.363658304E1
9.046766885E1,-3.933805901E1
9.066424185E1,-4.252726853E1
9.086225439E1,-4.969223180E1
9.106690824E1,-4.749226476E1
9.126689908E1,-3.455994407E1
9.146664154E1,-4.228975692E1
9.166784308E1,-4.887491285E1
9.186662339E1,-2.740829520E1
9.206680854E1,-4.561391388E1
9.226648862E1,-4.566104497E1
9.246704401E1,-3.110408645E1
9.266085285E1,-4.847224614E1
9.286304578E1,-4.357572175E1
9.306158893E1,-4.687182848E1
9.326181170E1,-4.063424890E1
9.346205747E1,-4.601153286E1
9.366652739E1,-4.976863642E1
9.386660762E1,-4.916531867E1
9.406655108E1,-3.947609673E1
9.426693993E1,-3.872804971E1
9.446695108E1,-2.426146638E1
9.466710793E1,-3.150289752E1
9.486790831E1,-3.889208318E1
9.506641693E1,-2.195774037E1
9.526762893E1,-3.082655548E1
9.546804216E1,-4.300130320E1
9.566793070E1,-3.605443681E1
9.586638924E1,-3.609709474E1
9.606638739E1,-3.851484111E1
9.626751293E1,-2.093687486E1
9.646754731E1,-4.158232934E1
9.666745531E1,-4.276411705E1
9.686726793E1,-3.519422881E1
9.706749539E1,-2.301218142E1
9.726753039E1,-2.308914990E1
9.746742616E1,-4.037534492E1
9.766733878E1,-4.321291156E1
9.786652639E1,-3.427431368E1
9.806654424E1,-2.503390917E1
9.826762093E1,-2.325797102E1
9.846794731E1,-4.512429211E1
9.866716924E1,-4.250513007E1
9.886801262E1,-2.803540368E1
9.906628647E1,-3.465479309E1
9.926826085E1,-2.251987812E1
9.946681593E1,-3.991598878E1
9.966686031E1,-4.164718380E1
9.986679354E1,-3.175756748E1
1.000669619E2,-2.792342331E1
1.002676495E2,-2.054183994E1
1.004673535E2,-3.578236999E1
1.006673067E2,-4.371103488E1
1.008573117E2,-4.517868532E1
1.010577843E2,-4.457735648E1
1.012578815E2,-4.720631852E1
1.014574320E2,-4.571478631E1
1.016589462E2,-4.462530643E1
1.017661581E2,-4.380407938E1
1.019673437E2,-3.775323829E1
1.021667107E2,-4.448272547E1
1.023670345E2,-3.692128498E1
1.025677049E2,-4.047852977E1
1.027665483E2,-4.616684945E1
1.029679362E2,-4.569676482E1
1.031665910E2,-4.333646454E1
1.033680498E2,-4.438379557E1
1.035681523E2,-4.216501671E1
1.037670726E2,-4.498943466E1
1.039667541E2,-4.544691458E1
1.041673705E2,-4.406223514E1
1.043670990E2,-4.451001463E1
1.045668676E2,-4.336238743E1
1.047673215E2,-4.307378987E1
1.049614418E2,-4.325316793E1
1.051663074E2,-4.066050132E1
1.053648067E2,-4.098344050E1
1.055670237E2,-4.229398208E1
1.057666732E2,-4.685955619E1
1.059672172E2,-4.233400576E1
1.061670993E2,-4.429642928E1
1.063668711E2,-4.262662907E1
1.065717548E2,-4.011164016E1
1.067676639E2,-4.287950115E1
1.069692299E2,-3.616533851E1
1.071670765E2,-4.119995731E1
1.073665114E2,-4.020482562E1
1.075669840E2,-3.800698878E1
1.077667006E2,-4.392953367E1
1.079680329E2,-3.753121492E1
1.081666523E2,-3.442042402E1
1.083666068E2,-4.268366791E1
1.085682219E2,-3.505079331E1
1.087664944E2,-3.851783959E1
1.089649252E2,-2.126665294E1
1.091642261E2,-4.055460975E1
1.093644005E2,-3.637287841E1
1.095654855E2,-2.396666944E1
1.097655043E2,-4.128267032E1
1.099663406E2,-3.887436588E1
1.101674865E2,-4.205000459E1
1.103686885E2,-4.474835178E1
1.105666231E2,-3.520991703E1
1.107679828E2,-4.334956478E1
1.109666037E2,-3.421174380E1
1.111574596E2,-4.283110464E1
1.113580344E2,-4.584692221E1
1.115581335E2,-2.345069474E1
1.117591772E2,-3.406020954E1
1.119574550E2,-2.853201189E1
1.120660679E2,-2.298103890E1
1.122669926E2,-3.613684351E1
1.124678858E2,-2.651006927E1
1.126666314E2,-2.345388336E1
1.128669845E2,-3.049760928E1
1.130669039E2,-3.467648385E1
1.132666839E2,-3.414173170E1
1.134668479E2,-4.313794055E1
1.136669868E2,-4.633995561E1
1.138669012E2,-4.732628506E1
1.140682347E2,-4.584011515E1
1.142673708E2,-4.045268052E1
1.144673412E2,-4.903634596E1
1.146669652E2,-4.182997011E1
1.148670532E2,-4.951169423E1
1.150623089E2,-4.699378843E1
1.152611089E2,-4.625386295E1
1.154619670E2,-4.870191863E1
1.156630184E2,-4.600637661E1
1.158629821E2,-4.888949064E1
1.160672932E2,-4.608776274E1
1.162586969E2,-4.757852740E1
1.164629579E2,-2.754106954E1
1.166590379E2,-2.783328010E1
1.168615095E2,-3.622777124E1
1.170666717E2,-2.549720669E1
1.172676716E2,-3.793777150E1
1.174667479E2,-1.967104290E1
1.176667379E2,-2.192869987E1
1.178669945E2,-2.814190325E1
1.180672566E2,-2.311112091E1
1.182668824E2,-3.982052020E1
1.184667809E2,-4.085860683E1
1.186608249E2,-4.273780237E1
1.188668883E2,-4.916768391E1
1.190648055E2,-4.055771530E1
1.192666375E2,-4.949138402E1
1.194664818E2,-4.548486794E1
1.196664883E2,-4.510930086E1
1.198672305E2,-4.331125318E1
1.200658765E2,-4.681517160E1
1.202665437E2,-4.904907364E1
1.204665717E2,-4.940648341E1
1.206677517E2,-3.947000588E1
1.208669154E2,-4.676452638E1
1.210654843E2,-4.581671917E1
1.212669107E2,-4.679970769E1
1.214669602E2,-4.968858352E1
1.216665594E2,-4.812359640E1
1.218667667E2,-4.946688021E1
1.220599129E2,-4.573505256E1
1.222664569E2,-4.817897228E1
1.224670012E2,-3.206819926E1
1.226666197E2,-4.173356368E1
1.228665510E2,-4.204366843E1
1.230668203E2,-3.383212650E1
1.232667751E2,-4.137101013E1
1.234665120E2,-4.183878610E1
1.236667652E2,-4.291831906E1
1.238675499E2,-4.669813799E1
1.240668304E2,-3.894980493E1
1.242665039E2,-4.455925808E1
1.244667249E2,-4.356768204E1
1.246658243E2,-3.553506597E1
1.248666184E2,-3.224193657E1
1.250667092E2,-3.487081021E1
1.252679757E2,-2.692638044E1
1.254614262E2,-2.883014264E1
1.256626009E2,-2.403148295E1
1.258609385E2,-3.549512283E1
1.260629923E2,-3.360222984E1
1.262605388E2,-3.977574740E1
1.264667751E2,-3.443276343E1
1.266668415E2,-3.916579406E1
1.268669409E2,-4.643423380E1
1.270665178E2,-4.149790500E1
1.272664418E2,-4.306757153E1
1.274671059E2,-4.983428040E1
1.276678510E2,-4.688413850E1
1.278664194E2,-5.186764261E1
1.280671132E2,-4.811383603E1
1.282667655E2,-4.875612232E1
1.284679059E2,-5.045703540E1
1.286668972E2,-3.852574693E1
1.288669889E2,-4.854149893E1
1.290672821E2,-2.502249543E1
1.292663292E2,-4.171925348E1
1.294585658E2,-4.194407140E1
1.296586196E2,-3.753365524E1
1.298586535E2,-3.216714519E1
1.300580079E2,-3.571187575E1
1.302595415E2,-3.388449157E1
1.304674836E2,-1.650211616E1
1.306664713E2,-2.261893189E1
1.308679452E2,-4.231129781E1
1.310676188E2,-4.857785501E1
1.312663421E2,-5.166736047E1
1.314673978E2,-4.919351579E1
1.316669723E2,-3.911810319E1
1.318663151E2,-2.168584676E1
1.320671403E2,-2.812601509E1
1.322665699E2,-1.712235822E1
1.324665919E2,-2.795218516E1
1.326668476E2,-1.808614738E1
1.328666987E2,-1.962323765E1
1.330670599E2,-1.777160444E1
1.332665375E2,-3.207948798E1
1.334668778E2,-2.523763060E1
1.336682975E2,-3.427484417E1
1.338665889E2,-2.752911198E1
1.340666445E2,-3.156453720E1
1.342667425E2,-3.940407652E1
1.344678788E2,-3.782877941E1
1.346666630E2,-3.106014556E1
1.348665282E2,-3.512597020E1
1.350668645E2,-2.532611328E1
1.352672562E2,-3.917237534E1
1.354665655E2,-4.519823254E1
1.356674184E2,-4.514990013E1
1.358665830E2,-4.112945807E1
1.360650033E2,-4.640990988E1
1.362601747E2,-4.385811677E1
1.364670732E2,-4.768818777E1
1.366665587E2,-3.096244048E1
1.368663585E2,-4.258474120E1
1.370665805E2,-2.994761020E1
1.372672222E2,-4.275282249E1
1.374666098E2,-4.983622466E1
1.376668064E2,-3.505442359E1
1.378659726E2,-4.921898182E1
1.380767385E2,-4.302200143E1
1.382662695E2,-3.332453414E1
1.384667024E2,-4.940949744E1
1.386671609E2,-4.126854436E1
1.388640984E2,-4.421819494E1
1.390644415E2,-5.177060687E1
1.392656009E2,-4.576771285E1
1.394644676E2,-5.095106412E1
1.396651264E2,-3.355209625E1
1.398676582E2,-4.894569194E1
1.400607793E2,-4.725114979E1
1.402665581E2,-4.657713919E1
1.404670107E2,-5.010954577E1
1.406670951E2,-4.545612163E1
1.408672584E2,-4.694239629E1
1.410660252E2,-5.076155018E1
1.412594212E2,-5.056617789E1
1.414682175E2,-5.102771642E1
1.416676898E2,-4.853636162E1
1.418663218E2,-5.064848964E1
1.420670766E2,-2.927020059E1
1.422667372E2,-3.179947224E1
1.424596917E2,-3.322860726E1
1.426675790E2,-2.561432456E1
1.428666462E2,-4.560798817E1
1.430572713E2,-4.042875109E1
1.432585954E2,-4.728721794E1
1.434602957E2,-5.086067372E1
1.436593665E2,-4.044898870E1
1.438590427E2,-4.767650227E1
1.439667966E2,-4.982528894E1
1.441670055E2,-4.694466084E1
1.443636625E2,-4.918195454E1
1.445675547E2,-4.997490106E1
1.447665606E2,-4.355610960E1
1.449665739E2,-4.707853317E1
1.451666513E2,-4.738603821E1
1.453653907E2,-4.889035798E1
1.455677938E2,-4.919573006E1
1.457671907E2,-4.220845816E1
1.459651885E2,-4.938328008E1
1.461673942E2,-2.784931571E1
1.463662037E2,-4.679515411E1
1.465666646E2,-2.194418126E1
1.467672412E2,-2.752199143E1
1.469663726E2,-2.878260021E1
1.471666965E2,-3.731609273E1
1.473682876E2,-2.492982861E1
1.475673351E2,-2.010472109E1
1.477668572E2,-4.114366137E1
1.479673819E2,-3.099364495E1
1.481673065E2,-3.517590362E1
1.483668221E2,-2.481010143E1
1.485664197E2,-3.118583843E1
1.487670085E2,-4.076836212E1
1.489670972E2,-3.319409681E1
1.491665015E2,-4.277185713E1
1.493670511E2,-2.421025956E1
1.495675852E2,-2.291629352E1
1.497674742E2,-4.489781153E1
1.499670101E2,-3.542253356E1
1.501667637E2,-2.273622269E1
1.503670849E2,-1.532505655E1
1.505677019E2,-1.761327702E1
1.507667406E2,-3.714108303E1
1.509669750E2,-2.867520416E1
1.511663378E2,-2.249522709E1
1.513670560E2,-2.113121751E1
1.515585520E2,-1.566435678E1
1.517581919E2,-2.106235293E1
1.519585132E2,-1.935288457E1
1.521593963E2,-2.312323261E1
1.523597948E2,-2.257589099E1
1.524664916E2,-2.252183661E1
1.526669751E2,-2.200165302E1
1.528679634E2,-3.777810848E1
1.530681674E2,-1.651142776E1
1.532672077E2,-2.827795018E1
1.534667565E2,-1.571387796E1
1.536662517E2,-2.700682949E1
1.538671624E2,-3.942988074E1
1.540671040E2,-2.629013029E1
1.542664188E2,-2.234378752E1
1.544639566E2,-1.732303823E1
1.546670419E2,-1.704423279E1
1.548678596E2,-3.888245780E1
1.550674845E2,-1.726132382E1
1.552662833E2,-1.509707131E1
1.554637935E2,-1.699062174E1
1.556670314E2,-2.074988505E1
1.558667886E2,-4.330916074E1
1.560675532E2,-2.740352156E1
1.562708708E2,-2.177628580E1
1.564667474E2,-1.737646527E1
1.566676908E2,-1.818542745E1
1.568680815E2,-3.540226191E1
1.570664357E2,-1.661613060E1
1.572675618E2,-1.966230047E1
1.574664092E2,-1.665312056E1
1.576675028E2,-2.335941317E1
1.578665833E2,-4.114403948E1
1.580624282E2,-1.819927516E1
1.582630591E2,-1.433886346E1
1.584615245E2,-1.013296963E1
1.586627569E2,-1.800886155E1
1.588620055E2,-2.697656932E1
1.590665209E2,-1.932402822E1
1.592669268E2,-2.023706595E1
1.594668631E2,-2.148665962E1
1.596673779E2,-1.760704016E1
1.598667695E2,-3.321645501E1
1.600674932E2,-3.148690692E1
1.602680443E2,-2.912896893E1
1.604671701E2,-2.522297662E1
1.606675325E2,-2.719218368E1
1.608664052E2,-3.068759735E1
1.610674276E2,-3.171640923E1
1.612672172E2,-3.457740540E1
1.614661065E2,-2.721529978E1
1.616674812E2,-3.287052871E1
1.618643449E2,-4.179815424E1
1.620641535E2,-3.234055448E1
1.622650242E2,-4.532028863E1
1.624651064E2,-2.084955217E1
1.626649381E2,-1.824330955E1
1.628675055E2,-3.734660206E1
1.630678960E2,-3.575705630E1
1.632665329E2,-4.201899816E1
1.634666960E2,-2.507572839E1
1.636664510E2,-1.824239949E1
1.638669005E2,-3.949897753E1
1.640666975E2,-3.978326321E1
1.642675683E2,-3.127910811E1
1.644662499E2,-2.155000953E1
1.646674590E2,-1.838199106E1
1.648675372E2,-3.621260658E1
1.650665434E2,-4.105190695E1
1.652578932E2,-2.731146092E1
1.654575759E2,-2.642256701E1
1.656580483E2,-1.505296759E1
1.658580485E2,-2.576303171E1
1.660586843E2,-4.551143478E1
1.662614643E2,-4.773794876E1
1.664617603E2,-3.977757136E1
1.666604557E2,-4.013420936E1
1.668628692E2,-4.418814141E1
1.670667225E2,-4.062274224E1
1.672668794E2,-4.678614624E1
1.674662800E2,-4.692218535E1
1.676668209E2,-4.867132966E1
1.678669467E2,-3.803794616E1
1.680666990E2,-3.884959458E1
1.682667175E2,-3.115657299E1
1.684573969E2,-4.161862225E1
1.686582339E2,-2.517364919E1
1.688581159E2,-2.536671763E1
1.690579274E2,-4.813757518E1
1.692599353E2,-3.114179635E1
1.694666701E2,-4.168224727E1
1.696656125E2,-2.132367969E1
1.698675129E2,-2.464885205E1
1.700668667E2,-4.685989658E1
1.702669799E2,-2.891483573E1
1.704663359E2,-3.799290585E1
1.706658243E2,-2.401475792E1
1.708673845E2,-2.664198048E1
1.710667581E2,-3.647539518E1
1.712666193E2,-2.489948408E1
1.714667148E2,-4.380032007E1
1.716663821E2,-1.895562655E1
1.718669024E2,-2.598117724E1
1.720673295E2,-4.660787638E1
1.722664664E2,-3.316177172E1
1.724663993E2,-3.056990428E1
1.726662542E2,-2.462240467E1
1.728663479E2,-3.198750063E1
1.730665391E2,-4.187290603E1
1.732665836E2,-3.721715372E1
1.734668720E2,-3.940897109E1
1.736670009E2,-3.583735148E1
1.738663883E2,-2.572011912E1
1.740667199E2,-3.805946858E1
1.742673944E2,-3.353342888E1
1.744667209E2,-3.675562852E1
1.746664114E2,-2.296613038E1
1.748671699E2,-2.611240980E1
1.750667181E2,-3.475556964E1
1.752678165E2,-4.694118820E1
1.754668354E2,-4.204126129E1
1.756673412E2,-4.095828753E1
1.758666873E2,-4.992107136E1
1.760675596E2,-3.695003266E1
1.762662356E2,-2.922306877E1
1.764652295E2,-3.525871082E1
1.766678049E2,-4.586805238E1
1.768671975E2,-4.364712515E1
1.770667631E2,-3.612106773E1
1.772665264E2,-4.280420772E1
1.774674369E2,-3.734624587E1
1.776669606E2,-3.312119042E1
1.778667412E2,-4.182893070E1
1.780669436E2,-3.688585478E1
1.782667760E2,-4.110965960E1
1.784665482E2,-4.961654265E1
1.786678560E2,-4.859754676E1
1.788670113E2,-5.061366729E1
1.790666489E2,-3.054504685E1
1.792674369E2,-4.181486253E1
1.794667929E2,-4.952412088E1
1.796664436E2,-4.664188584E1
1.798667858E2,-5.115129759E1
1.800672631E2,-4.438526313E1
1.802673725E2,-4.358769926E1
1.804663899E2,-2.781319129E1
1.806685612E2,-3.750021493E1
1.808653593E2,-2.238439608E1
1.810622409E2,-4.656284967E1
1.812668049E2,-3.579918137E1
1.814618852E2,-2.745024111E1
1.816682424E2,-2.593575208E1
1.818664307E2,-2.485435078E1
1.820684726E2,-4.079505572E1
1.822656105E2,-3.550518281E1
1.824671181E2,-2.840862738E1
1.826664785E2,-2.556490898E1
1.828632929E2,-2.257976910E1
1.830670480E2,-2.570857724E1
1.832682948E2,-2.318203225E1
1.834668445E2,-3.252657730E1
1.836670600E2,-2.333029794E1
1.838622627E2,-1.881258135E1
1.840667760E2,-3.666952960E1
1.842689295E2,-3.853527383E1
1.844668042E2,-3.864817487E1
1.846663000E2,-3.542976488E1
1.848663569E2,-3.667397161E1
1.850672022E2,-3.204571643E1
1.852668865E2,-3.576265176E1
1.854663683E2,-3.081578869E1
1.856674582E2,-3.920153636E1
1.858665228E2,-3.011843081E1
1.860668393E2,-3.752828019E1
1.862672409E2,-4.099800834E1
1.864676634E2,-3.365840117E1
1.866579686E2,-3.486720284E1
1.868588935E2,-3.874569945E1
1.870573502E2,-3.201605182E1
1.872574544E2,-3.773169052E1
1.874585108E2,-4.505724699E1
1.875653757E2,-3.232257266E1
1.877662779E2,-3.715456787E1
1.879670486E2,-3.727946710E1
1.881661163E2,-1.976763740E1
1.883670895E2,-4.274861446E1
1.885667396E2,-5.167146241E1
1.887666043E2,-5.219768063E1
1.889667077E2,-5.162495199E1
1.891674600E2,-4.969885114E1
1.893665323E2,-2.314308252E1
1.895672834E2,-3.003744382E1
1.897667341E2,-3.967299247E1
1.899666302E2,-4.265690864E1
1.901665991E2,-2.351097491E1
1.903626308E2,-3.958330464E1
1.905681175E2,-4.898807590E1
1.907667366E2,-5.037157594E1
1.909657803E2,-4.588692077E1
1.911671175E2,-3.719665765E1
1.913626929E2,-4.927686541E1
1.915658858E2,-5.130782741E1
1.917657181E2,-5.329145532E1
1.919617729E2,-4.739835225E1
1.921659664E2,-3.424107348E1
1.923651353E2,-3.781612805E1
1.925634895E2,-4.948040363E1
1.927700557E2,-4.725317919E1
1.929668335E2,-4.718537716E1
1.931678246E2,-4.586367217E1
1.933652070E2,-4.868415850E1
1.935669987E2,-4.943412698E1
1.937666662E2,-5.140775646E1
1.939666846E2,-4.927453409E1
1.941667406E2,-5.420005017E1
1.943666689E2,-5.229859555E1
1.945664726E2,-3.139627300E1
1.947675299E2,-5.100191881E1
1.949667828E2,-4.426826511E1
1.951674656E2,-5.355784957E1
1.953665822E2,-5.353572242E1
1.955666831E2,-4.838705299E1
1.957668492E2,-5.257672403E1
1.959649593E2,-4.955377041E1
1.961662634E2,-5.411951365E1
1.963669110E2,-5.163820086E1
1.965677793E2,-4.607617478E1
1.967667489E2,-5.489944070E1
1.969667166E2,-4.863708057E1
1.971676797E2,-5.342537166E1
1.973666772E2,-4.948578675E1
1.975670708E2,-4.661258889E1
1.977677298E2,-4.938124435E1
1.979665545E2,-5.275358790E1
1.981661679E2,-4.931535752E1
1.983663988E2,-5.314067038E1
1.985665541E2,-3.548051299E1
1.987580476E2,-4.757464894E1
1.989580517E2,-5.430859640E1
1.991576403E2,-5.097543290E1
1.992634172E2,-5.282726052E1
1.994583667E2,-3.968725901E1
1.995655273E2,-2.518487051E1
1.997667359E2,-2.999915033E1
1.999662412E2,-4.176507979E1
2.001662698E2,-4.837364854E1
2.003674270E2,-5.115321006E1
2.005672169E2,-3.080125493E1
2.007680646E2,-5.408022832E1
2.009664722E2,-4.676635335E1
2.011662834E2,-5.116504616E1
2.013667917E2,-4.888102114E1
2.015658563E2,-2.922835056E1
2.017674119E2,-5.052722378E1
2.019666230E2,-5.074885805E1
2.021667858E2,-3.702625647E1
2.023668548E2,-5.066298951E1
2.025671042E2,-4.436746470E1
2.027669803E2,-4.952695242E1
2.029678526E2,-5.510774019E1
2.031664800E2,-4.603833523E1
2.033664526E2,-5.195893036E1
2.035668399E2,-4.305877444E1
2.037667230E2,-5.222884744E1
2.039665311E2,-4.698439489E1
2.041671468E2,-4.696341841E1
2.043668104E2,-5.383001678E1
2.045672828E2,-5.013939421E1
2.047674886E2,-4.959198077E1
2.049669449E2,-5.259986296E1
2.051668520E2,-4.685242701E1
2.053669634E2,-5.350568299E1
2.055673123E2,-5.248818631E1
2.057664658E2,-4.289394773E1
2.059667378E2,-4.729130361E1
2.061587006E2,-4.696967508E1
2.063572157E2,-4.725965346E1
2.065574711E2,-3.946990741E1
2.067601880E2,-3.962150001E1
2.069580302E2,-5.298936522E1
2.070670264E2,-5.489767202E1
2.072674643E2,-4.907085292E1
2.074672203E2,-5.257823582E1
2.076670557E2,-3.696366700E1
2.078603566E2,-5.264268880E1
2.080667415E2,-5.034371322E1
2.082671969E2,-4.380606263E1
2.084676769E2,-4.707746058E1
2.086670196E2,-4.536147746E1
2.088674671E2,-5.266817687E1
2.090676077E2,-3.099817894E1
2.092666018E2,-4.907240311E1
2.094664976E2,-4.537028215E1
2.096661055E2,-3.096820002E1
2.098666729E2,-3.496345402E1
2.100668511E2,-4.416908996E1
2.102671345E2,-4.677536890E1
2.104671975E2,-5.541472925E1
2.106674559E2,-4.900527852E1
2.108665307E2,-5.110996898E1
2.110668299E2,-5.512115255E1
2.112668674E2,-4.332202411E1
2.114662369E2,-5.022561521E1
2.116655870E2,-3.144495131E1
2.118664511E2,-3.307038936E1
2.120675942E2,-4.863544284E1
2.122672799E2,-3.697046242E1
2.124661422E2,-5.239425771E1
2.126670988E2,-5.156398913E1
2.128645559E2,-4.456003110E1
2.130680945E2,-5.379512149E1
2.132668191E2,-3.403390429E1
2.134666234E2,-4.796645220E1
2.136626082E2,-4.727647327E1
2.138669953E2,-3.699279676E1
2.140668381E2,-5.146484880E1
2.142667978E2,-4.712608221E1
2.144577286E2,-5.117136401E1
2.146570482E2,-4.875036252E1
2.148597147E2,-5.267683173E1
2.150592627E2,-5.130243529E1
2.152577936E2,-5.191562921E1
2.153642326E2,-5.284293454E1
2.155662794E2,-4.977405957E1
2.157665339E2,-5.503911956E1
2.159667159E2,-5.397295758E1
2.161659252E2,-4.864084211E1
2.163676966E2,-5.458220317E1
2.165671425E2,-2.909726386E1
2.167669381E2,-5.438729697E1
2.169666553E2,-4.696588050E1
2.171665231E2,-5.339929212E1
2.173664471E2,-4.566615835E1
2.175633790E2,-5.487902728E1
2.177668440E2,-5.197038790E1
2.179655942E2,-5.657296701E1
2.181670243E2,-5.399952948E1
2.183660892E2,-5.429849403E1
2.185662581E2,-5.315248834E1
2.187658489E2,-4.232499104E1
2.189669846E2,-5.020587048E1
2.191664975E2,-4.437887777E1
2.193662049E2,-4.461645774E1
2.195662135E2,-5.285618563E1
2.197665889E2,-4.210092691E1
2.199662956E2,-5.081052670E1
2.201661116E2,-5.483264266E1
2.203661409E2,-4.659471376E1
2.205674261E2,-5.381562726E1
2.207663569E2,-3.970184140E1
2.209666372E2,-5.275024381E1
2.211659585E2,-5.253806365E1
2.213666788E2,-2.709468072E1
2.215661076E2,-5.420007588E1
2.217668142E2,-3.182575474E1
2.219632640E2,-4.085978068E1
2.221664200E2,-3.842234099E1
2.223676615E2,-3.666502533E1
2.225666816E2,-3.161446560E1
2.227667908E2,-2.003127262E1
2.229661753E2,-3.411138314E1
2.231604301E2,-3.477041553E1
2.233672350E2,-3.263078650E1
2.235663316E2,-4.948787104E1
2.237663633E2,-2.393449055E1
2.239660816E2,-4.629074341E1
2.241665049E2,-2.864749535E1
2.243591163E2,-3.148356956E1
2.245667646E2,-5.267248140E1
2.247663169E2,-5.337571282E1
2.249665292E2,-3.521714528E1
2.251664379E2,-3.435411490E1
2.253669427E2,-3.181046563E1
2.255594637E2,-5.018908695E1
2.257664129E2,-2.108589984E1
2.259671800E2,-3.986719345E1
2.261665030E2,-2.929849079E1
2.263662012E2,-2.490595023E1
2.265669313E2,-4.283227168E1
2.267604122E2,-2.993439750E1
2.269672286E2,-4.034098302E1
2.271677215E2,-5.148207664E1
2.273670939E2,-4.341992107E1
2.275672514E2,-5.009678738E1
2.277674689E2,-5.063939647E1
2.279616305E2,-4.889245962E1
2.281673539E2,-3.155776623E1
2.283684517E2,-3.367146918E1
2.285683016E2,-4.876949621E1
2.287667002E2,-4.981896951E1
2.289676717E2,-4.662891916E1
2.291657948E2,-5.435569437E1
2.293664874E2,-4.097397238E1
2.295664643E2,-5.475967875E1
2.297670243E2,-5.368736102E1
2.299637267E2,-5.322446973E1
2.301679202E2,-4.845091297E1
2.303663030E2,-4.526597313E1
2.305679539E2,-5.716077671E1
2.307665271E2,-4.150386149E1
2.309679744E2,-4.845408755E1
2.311681176E2,-4.050411241E1
2.313668036E2,-3.927697682E1
2.315671523E2,-5.595910326E1
2.317677664E2,-5.420089253E1
2.319664421E2,-5.081334895E1
2.321667350E2,-5.288905405E1
2.323651948E2,-4.777349412E1
2.325675025E2,-5.106813002E1
2.327670412E2,-4.573494114E1
2.329673846E2,-5.056623549E1
2.331679151E2,-5.000072814E1
2.333666702E2,-4.522035331E1
2.335670532E2,-4.883449097E1
2.337670559E2,-3.883117411E1
2.339670357E2,-4.445966090E1
2.341670147E2,-4.361136723E1
2.343636916E2,-4.303678832E1
2.345664545E2,-5.031244426E1
2.347662138E2,-3.825810955E1
2.349663504E2,-2.017135576E1
2.351683508E2,-2.604512919E1
2.353673184E2,-3.890009187E1
2.355570707E2,-3.776424274E1
2.357574362E2,-3.930594277E1
2.359593802E2,-2.541956505E1
2.361587762E2,-2.603110084E1
2.363592113E2,-4.075817841E1
2.365667779E2,-3.433977229E1
2.367667039E2,-4.448553241E1
2.369699206E2,-3.066330340E1
2.371659579E2,-2.324499468E1
2.373677265E2,-4.529150738E1
2.375666840E2,-4.876194477E1
2.377666307E2,-3.346729655E1
2.379687889E2,-2.330779103E1
2.381655003E2,-2.135560743E1
2.383676406E2,-4.701204972E1
2.385643539E2,-5.600154146E1
2.387611723E2,-5.513725264E1
2.389619976E2,-5.419302013E1
2.391667076E2,-5.539542315E1
2.393668714E2,-5.378585311E1
2.395672222E2,-5.360738726E1
2.397669412E2,-5.523646628E1
2.399668369E2,-5.563731307E1
2.401665559E2,-5.536989417E1
2.403678313E2,-5.605173501E1
2.405696972E2,-5.576499497E1
2.407656873E2,-5.360164926E1
2.409665698E2,-5.529793836E1
2.411672793E2,-5.525529522E1
2.413665375E2,-5.518885950E1
2.415650390E2,-5.507016169E1
2.417669698E2,-5.558338930E1
2.419664421E2,-5.238675193E1
2.421625249E2,-5.412328814E1
2.423674310E2,-5.439382697E1
2.425650905E2,-4.834576307E1
2.427671384E2,-3.015813548E1
2.429659332E2,-3.194820976E1
2.431666105E2,-4.514795423E1
2.433664308E2,-4.669882012E1
2.435649775E2,-5.007596461E1
2.437669031E2,-5.172732394E1
2.439580228E2,-5.093638698E1
2.441578529E2,-5.313858054E1
2.443587166E2,-3.783333953E1
2.445599670E2,-5.063285394E1
2.447584036E2,-4.562017369E1
2.448658286E2,-4.147020437E1
2.450679163E2,-5.502650041E1
2.452664399E2,-4.922002752E1
2.454665529E2,-4.889526334E1
2.456678350E2,-5.214949584E1
2.458668510E2,-3.323326728E1
2.460654726E2,-5.420801172E1
2.462662947E2,-5.198386218E1
2.464666273E2,-5.188068963E1
2.466665883E2,-5.144479918E1
2.468665803E2,-3.066815340E1
2.470667018E2,-4.882823155E1
2.472668163E2,-5.327129185E1
2.474668283E2,-4.681640044E1
2.476668277E2,-4.555050887E1
2.478653625E2,-4.102292174E1
2.480665753E2,-5.316071662E1
2.482669889E2,-5.034467321E1
2.484664646E2,-4.410655867E1
2.486664335E2,-4.559001610E1
2.488663775E2,-1.821641409E1
2.490668360E2,-2.841606943E1
2.492670599E2,-4.184541986E1
2.494665692E2,-2.228451329E1
2.496662305E2,-2.246797793E1
2.498663812E2,-3.661344131E1
2.500669046E2,-3.741925851E1
2.502677145E2,-3.423830910E1
2.504668326E2,-3.735999648E1
2.506674317E2,-2.629014528E1
2.508590529E2,-4.025119198E1
2.510663178E2,-3.190689974E1
2.512668619E2,-2.948411098E1
2.514568421E2,-2.003894609E1
2.516574375E2,-2.519692241E1
2.518591529E2,-3.360052025E1
2.520591304E2,-2.969576519E1
2.522581455E2,-3.747897963E1
2.523659393E2,-4.590670570E1
2.525658812E2,-1.976030073E1
2.527661267E2,-3.230242022E1
2.529659778E2,-4.802551521E1
2.531671021E2,-2.970889952E1
2.533672828E2,-4.216488445E1
2.535673778E2,-2.213347553E1
2.537670695E2,-2.732546709E1
2.539665572E2,-4.563317864E1
2.541668852E2,-5.067396635E1
2.543652394E2,-4.984177502E1
2.545661376E2,-5.365167479E1
2.547662027E2,-5.208860077E1
2.549657710E2,-4.480965914E1
2.551667816E2,-5.113135932E1
2.553663966E2,-4.562626129E1
2.555675256E2,-5.304146663E1
2.557663941E2,-3.215861145E1
2.559664547E2,-3.941392188E1
2.561663415E2,-3.364580574E1
2.563666034E2,-2.764217684E1
2.565671797E2,-5.406043114E1
2.567668806E2,-4.046714189E1
2.569660136E2,-4.202120842E1
2.571674082E2,-5.245069474E1
2.573677766E2,-4.610510062E1
2.575675984E2,-4.872826401E1
2.577665446E2,-3.661927538E1
2.579658886E2,-4.391138258E1
2.581669059E2,-4.764380926E1
2.583665868E2,-5.043846499E1
2.585677157E2,-5.532195824E1
2.587665714E2,-5.125167452E1
2.589656665E2,-5.078304741E1
2.591671299E2,-5.130622790E1
2.593662615E2,-4.717080288E1
2.595672446E2,-5.354369970E1
2.597664938E2,-4.359804248E1
2.599661406E2,-5.260931070E1
2.601667193E2,-5.300226892E1
2.603669418E2,-3.545509277E1
2.605669501E2,-5.298942258E1
2.607669126E2,-4.356849048E1
2.609648360E2,-3.741991272E1
2.611664230E2,-5.009836679E1
2.613673166E2,-3.541487360E1
2.615671722E2,-4.746249673E1
2.617673634E2,-4.638136029E1
2.619667954E2,-3.836410224E1
2.621679769E2,-5.002926959E1
2.623665083E2,-4.924106169E1
2.625667849E2,-5.243141509E1
2.627670425E2,-5.130833626E1
2.629650680E2,-3.808476449E1
2.631673511E2,-5.199202099E1
2.633665942E2,-3.277047808E1
2.635655283E2,-4.588287528E1
2.637672018E2,-5.048459914E1
2.639666671E2,-3.935798124E1
2.641664833E2,-4.164107524E1
2.643666329E2,-3.294061036E1
2.645671332E2,-4.509613505E1
2.647669415E2,-3.293572449E1
2.649667459E2,-3.645218894E1
2.651666449E2,-5.189816147E1
2.653666676E2,-3.027796539E1
2.655671975E2,-4.793806225E1
2.657671800E2,-3.014692059E1
2.659665341E2,-3.900265950E1
2.661668747E2,-4.667373566E1
2.663661990E2,-3.209868978E1
2.665666046E2,-5.308578213E1
2.667673456E2,-3.515546118E1
2.669657966E2,-4.672592575E1
2.671663932E2,-3.306357544E1
2.673665624E2,-3.996556822E1
2.675661960E2,-3.883878672E1
2.677664095E2,-2.902810655E1
2.679669585E2,-4.055081842E1
2.681589631E2,-3.156508841E1
2.683579824E2,-3.364784504E1
2.685571689E2,-4.569326760E1
2.687588166E2,-3.396769721E1
2.689575759E2,-4.495647552E1
2.690664397E2,-4.376826570E1
2.692668110E2,-4.040732974E1
2.694665676E2,-4.136252616E1
2.696666941E2,-3.738737028E1
2.698667046E2,-3.640430572E1
2.700670015E2,-4.563444542E1
2.702666002E2,-2.506950736E1
2.704670932E2,-2.932955319E1
2.706668667E2,-2.785671068E1
2.708731501E2,-2.642201042E1
2.710664646E2,-3.963443695E1
2.712675022E2,-4.879519680E1
2.714663791E2,-3.549737725E1
2.716665221E2,-2.618938761E1
2.718664246E2,-3.427864275E1
2.720688338E2,-4.854383785E1
2.722664523E2,-2.023538132E1
2.724669412E2,-2.273652901E1
2.726661861E2,-2.324917572E1
2.728665040E2,-1.904538407E1
2.730668388E2,-3.658781033E1
2.732579779E2,-2.432891686E1
2.734569455E2,-3.432338454E1
2.736568856E2,-3.691777588E1
2.738574523E2,-4.283819976E1
2.740588242E2,-3.743728727E1
2.742664766E2,-2.866676600E1
2.744666649E2,-3.089627451E1
2.746662126E2,-1.680009403E1
2.748672536E2,-3.861216859E1
2.750666282E2,-2.522800684E1
2.752675646E2,-3.150662707E1
2.754666006E2,-2.059042549E1
2.756667169E2,-1.628715596E1
2.758667859E2,-4.022437810E1
2.760687729E2,-1.818358672E1
2.762653359E2,-3.260867264E1
2.764661002E2,-3.941537417E1
2.766669431E2,-1.795646180E1
2.768661452E2,-3.707370791E1
2.770615064E2,-2.097277050E1
2.772601145E2,-4.098261425E1
2.774603452E2,-3.415844918E1
2.776612993E2,-1.963594045E1
2.778611976E2,-3.948019022E1
2.780673308E2,-2.751537511E1
2.782658476E2,-3.636793418E1
2.784668670E2,-3.126053682E1
2.786614002E2,-1.892974741E1
2.788665199E2,-2.003937346E1
2.790675289E2,-1.558022135E1
2.792662144E2,-1.460550077E1
2.794673489E2,-1.822237741E1
2.796668329E2,-1.441974069E1
2.798664504E2,-1.750526269E1
2.800666982E2,-1.252960661E1
2.802659957E2,-1.724203792E1
2.804665019E2,-1.891014585E1
2.806674744E2,-2.188097765E1
2.808675477E2,-3.554763843E1
2.810667415E2,-2.110886244E1
2.812671751E2,-4.121212563E1
2.814664339E2,-4.185455158E1
2.816614157E2,-4.041356125E1
2.818662289E2,-4.859690568E1
2.820673132E2,-3.387833011E1
2.822664252E2,-2.996937428E1
2.824666215E2,-4.142062260E1
2.826671142E2,-3.472360451E1
2.828674997E2,-5.413564806E1
2.830671702E2,-4.219709760E1
2.832582793E2,-3.658293441E1
2.834605222E2,-4.576374863E1
2.836586695E2,-2.551859596E1
2.838664513E2,-5.042645659E1
2.840666615E2,-1.932070596E1
2.842667388E2,-4.499566766E1
2.844667302E2,-4.181887843E1
2.846681667E2,-2.905213281E1
2.848666631E2,-3.114008268E1
2.850673252E2,-3.668103357E1
2.852666301E2,-2.615270030E1
2.854664689E2,-2.394020625E1
2.856668716E2,-4.014365944E1
2.858663172E2,-5.189418548E1
2.860666083E2,-3.274831673E1
2.862657006E2,-2.461984256E1
2.864664779E2,-2.028243699E1
2.866664286E2,-4.062457468E1
2.868668145E2,-3.404706875E1
2.870662905E2,-3.576632424E1
2.872673101E2,-3.210354659E1
2.874673917E2,-2.396328981E1
2.876665566E2,-4.064043968E1
2.878666972E2,-3.087720092E1
2.880656319E2,-4.493052662E1
2.882664129E2,-4.039102624E1
2.884664861E2,-2.738689761E1
2.886669073E2,-4.881828041E1
2.888643283E2,-3.016606825E1
2.890664689E2,-4.309026897E1
2.892666467E2,-3.285754741E1
2.894662449E2,-3.136513764E1
2.896673279E2,-4.844819143E1
2.898676584E2,-3.444083519E1
2.900636944E2,-4.725860288E1
2.902657108E2,-3.218871278E1
2.904670812E2,-3.792480253E1
2.906675400E2,-5.106146204E1
2.908666421E2,-3.311581919E1
2.910661981E2,-4.131439877E1
2.912674443E2,-3.396558323E1
2.914668268E2,-2.525819014E1
2.916659255E2,-4.472832943E1
2.918663621E2,-3.023193374E1
2.920678476E2,-4.459656689E1
2.922663218E2,-2.960701778E1
2.924668636E2,-2.290221469E1
2.926665348E2,-3.242182429E1
2.928663990E2,-2.722857560E1
2.930666289E2,-3.939997944E1
2.932664597E2,-2.160690318E1
2.934663187E2,-2.071937487E1
2.936654077E2,-3.379893977E1
2.938662218E2,-2.671683929E1
2.940660609E2,-2.424981864E1
2.942663366E2,-2.076925088E1
2.944657039E2,-1.885962045E1
2.946662282E2,-3.553231045E1
2.948667839E2,-4.017094996E1
2.950666997E2,-3.624190850E1
2.952663369E2,-2.206121169E1
2.954661492E2,-1.737873541E1
2.956670833E2,-2.329201375E1
2.958668301E2,-2.048228125E1
2.960663384E2,-2.442208340E1
2.962664289E2,-1.859891370E1
2.964587117E2,-1.770530433E1
2.966570338E2,-2.212165843E1
2.968568606E2,-1.693011191E1
2.970579424E2,-2.872365715E1
2.972588867E2,-1.889342568E1
2.973656662E2,-1.638115360E1
2.975665763E2,-1.968688089E1
2.977657840E2,-2.469993298E1
2.979660400E2,-2.616101291E1
2.981673399E2,-2.687006053E1
2.983666982E2,-1.500110323E1
2.985669852E2,-1.834042016E1
2.987661867E2,-1.686487287E1
2.989663702E2,-1.950321315E1
2.991661492E2,-2.771126730E1
2.993662834E2,-1.747222221E1
2.995723674E2,-2.262234565E1
2.997658449E2,-3.816850257E1
2.999665425E2,-2.910078779E1
3.001661299E2,-4.255959296E1
3.003665633E2,-1.739599055E1
3.005667277E2,-1.780766499E1
3.007661442E2,-2.270876480E1
3.009663310E2,-2.127783459E1
3.011672948E2,-4.440045626E1
3.013669209E2,-2.390584806E1
3.015662082E2,-3.749167778E1
3.017662969E2,-4.313905158E1
3.019662569E2,-2.864227038E1
3.021652745E2,-4.600982925E1
3.023671162E2,-2.037603948E1
3.025662996E2,-2.868578884E1
3.027658397E2,-4.502488495E1
3.029677079E2,-2.690872755E1
3.031650864E2,-4.842091261E1
3.033665083E2,-2.724919103E1
3.035667430E2,-3.184471724E1
3.037582477E2,-4.576771152E1
3.039607425E2,-2.832485873E1
3.041629322E2,-3.615777310E1
3.043674390E2,-1.855802072E1
3.045670393E2,-3.137058575E1
3.047673707E2,-4.635695954E1
3.049673209E2,-2.962754947E1
3.051663708E2,-2.547096335E1
3.053664242E2,-1.925153453E1
3.055666412E2,-3.632887547E1
3.057662239E2,-3.373885207E1
3.059674064E2,-4.918145269E1
3.061666516E2,-3.152814638E1
3.063670776E2,-5.125981291E1
3.065675366E2,-2.237553108E1
3.067621682E2,-4.410268056E1
3.069662670E2,-4.312158523E1
3.071667434E2,-3.486371880E1
3.073663994E2,-4.699832589E1
3.075665492E2,-4.698997493E1
3.077672282E2,-4.529524695E1
3.079665307E2,-5.330433012E1
3.081665957E2,-4.872927256E1
3.083665745E2,-4.773851314E1
3.085674796E2,-3.556507269E1
3.087666809E2,-3.195222532E1
3.089664117E2,-3.093938620E1
3.091663027E2,-2.377346720E1
3.093662852E2,-1.798310409E1
3.095664941E2,-4.178018298E1
3.097672427E2,-4.040302539E1
3.099675828E2,-2.998246069E1
3.101658593E2,-3.383941296E1
3.103661160E2,-2.188091024E1
3.105633609E2,-3.725003355E1
3.107660295E2,-3.345607316E1
3.109663883E2,-2.992869232E1
3.111661471E2,-4.123773954E1
3.113655976E2,-2.371186687E1
3.115645015E2,-4.748118116E1
3.117664283E2,-3.909267321E1
3.119660692E2,-2.996484334E1
3.121568338E2,-5.107408107E1
3.123569726E2,-2.168811201E1
3.125579009E2,-4.058923693E1
3.127603763E2,-3.650125913E1
3.129588747E2,-2.921250385E1
3.130654951E2,-4.794483567E1
3.132656907E2,-2.205477614E1
3.134659456E2,-3.008344690E1
3.136669985E2,-4.138963585E1
3.138612489E2,-3.592932633E1
3.140619261E2,-4.398361091E1
3.142617301E2,-2.505805677E1
3.144615335E2,-3.062202029E1
3.146615831E2,-4.350233304E1
3.148615750E2,-2.951845007E1
3.150614344E2,-4.884129118E1
3.152624649E2,-2.367892515E1
3.154622154E2,-2.316271021E1
3.156669947E2,-4.015794281E1
3.158662467E2,-3.068902420E1
3.160667773E2,-3.894688725E1
3.162665341E2,-2.510865268E1
3.164665246E2,-2.781324265E1
3.166673313E2,-4.448617135E1
3.168670539E2,-2.799143278E1
3.170661385E2,-3.398481615E1
3.172670695E2,-2.757362961E1
3.174668313E2,-2.404074762E1
3.176665424E2,-4.593656062E1
3.178664015E2,-2.732876387E1
3.180670879E2,-3.365567072E1
3.182664899E2,-2.966647519E1
3.184661679E2,-2.852331157E1
3.186662385E2,-4.575752699E1
3.188664625E2,-2.653205462E1
3.190664548E2,-3.966132417E1
3.192665409E2,-2.082843278E1
3.194666550E2,-2.384449716E1
3.196655453E2,-4.584819324E1
3.198672985E2,-2.783661590E1
3.200635760E2,-3.363485042E1
3.202663246E2,-2.008784766E1
3.204660089E2,-2.796787903E1
3.206670412E2,-4.413700269E1
3.208660442E2,-2.797390556E1
3.210675299E2,-3.144589485E1
3.212662535E2,-1.930427170E1
3.214658742E2,-2.230914864E1
3.216598834E2,-3.934367672E1
3.218665123E2,-2.687571340E1
3.220664252E2,-4.274923575E1
3.222658987E2,-2.051572859E1
3.224662545E2,-3.086066146E1
3.226673738E2,-4.452441786E1
3.228660505E2,-3.007849618E1
3.230679452E2,-4.856205178E1
3.232665105E2,-2.494315944E1
3.234661923E2,-3.137122355E1
3.236660443E2,-3.794603109E1
3.238664027E2,-3.400250129E1
3.240665839E2,-3.791887462E1
3.242629145E2,-3.583849963E1
3.244655616E2,-2.780800902E1
3.246689689E2,-3.975425716E1
3.248689382E2,-4.637409116E1
3.250673354E2,-3.334480418E1
3.252655985E2,-3.641229892E1
3.254675898E2,-1.962542987E1
3.256664602E2,-3.781828216E1
3.258667359E2,-4.854634384E1
3.260642002E2,-2.134226434E1
3.262650073E2,-4.573531700E1
3.264651224E2,-1.999064816E1
3.266671422E2,-3.325671260E1
3.268625499E2,-4.306300192E1
3.270662904E2,-3.203797823E1
3.272666056E2,-4.459594031E1
3.274650563E2,-3.215973783E1
3.276622978E2,-3.704916948E1
3.278647822E2,-4.483003345E1
3.280642689E2,-3.422607758E1
3.282658092E2,-4.033125777E1
3.284660732E2,-2.865924231E1
3.286649815E2,-4.151023596E1
3.288650295E2,-4.440017977E1
3.290569372E2,-2.723442476E1
3.292578966E2,-3.276140538E1
3.294602566E2,-2.205387054E1
3.296594055E2,-2.785424182E1
3.298579342E2,-2.760826977E1
3.299658375E2,-3.272124347E1
3.301666043E2,-3.303401101E1
3.303665579E2,-3.065025235E1
3.305672108E2,-3.091246346E1
3.307662828E2,-3.866543953E1
3.309666479E2,-3.856389353E1
3.311662736E2,-3.778647064E1
3.313665433E2,-3.652193027E1
3.315665523E2,-3.517336832E1
3.317663040E2,-3.232987338E1
3.319671009E2,-3.982845934E1
3.321672286E2,-3.526646940E1
3.323660221E2,-3.940081892E1
3.325662240E2,-3.344420533E1
3.327623982E2,-3.634732070E1
3.329666302E2,-3.998402856E1
3.331634187E2,-4.342421533E1
3.333641693E2,-4.269570851E1
3.335649006E2,-4.814460594E1
3.337657259E2,-4.463841249E1
3.339599006E2,-4.845478795E1
3.341662523E2,-4.755747640E1
3.343666413E2,-2.384247125E1
3.345673634E2,-2.051049691E1
3.347613262E2,-1.834111577E1
3.349618213E2,-4.470301050E1
3.351586243E2,-2.109686472E1
3.353664825E2,-2.477580408E1
3.355655788E2,-3.831347821E1
3.357660893E2,-2.558364518E1
3.359673049E2,-4.506369589E1
3.361665982E2,-4.770181272E1
3.363613053E2,-2.525340630E1
3.365663788E2,-5.071198192E1
3.367648073E2,-3.575652499E1
3.369674427E2,-2.923140105E1
3.371662942E2,-2.943510297E1
3.373666619E2,-1.910597319E1
3.375597803E2,-3.335609955E1
3.377671893E2,-2.828958405E1
3.379672262E2,-4.061295590E1
3.381670110E2,-4.627883213E1
3.383668212E2,-3.122138867E1
3.385671911E2,-5.164904376E1
3.387617742E2,-5.136893953E1
3.389665957E2,-4.024470568E1
3.391670206E2,-5.134204447E1
3.393663178E2,-5.013075131E1
3.395660803E2,-5.221333764E1
3.397674643E2,-5.062991233E1
3.399642068E2,-4.621499824E1
3.401661689E2,-5.304448248E1
3.403663582E2,-3.950818817E1
3.405665323E2,-4.871718453E1
3.407662409E2,-3.830468738E1
3.409667039E2,-4.178229492E1
3.411669119E2,-4.573515451E1
3.413675763E2,-4.386588814E1
3.415670532E2,-5.292046511E1
3.417665813E2,-4.887234127E1
3.419674833E2,-4.874088931E1
3.421664551E2,-5.228878446E1
3.423666133E2,-4.104654436E1
3.425671316E2,-5.288594535E1
3.427673206E2,-4.776313957E1
3.429665390E2,-4.591296802E1
3.431662076E2,-4.485525824E1
3.433666160E2,-2.982900838E1
3.435657262E2,-4.646636812E1
3.437660643E2,-3.536311107E1
3.439655919E2,-4.541345555E1
3.441672827E2,-5.103749499E1
3.443669689E2,-4.652929467E1
3.445673809E2,-5.079149349E1
3.447671400E2,-5.199759437E1
3.449661991E2,-4.532631732E1
3.451664213E2,-4.972902466E1
3.453666514E2,-5.050868134E1
3.455659520E2,-5.067648831E1
3.457666920E2,-5.053762563E1
3.459664716E2,-4.959196927E1
3.461661879E2,-5.241375146E1
3.463666514E2,-5.210029423E1
3.465635865E2,-4.370149994E1
3.467671698E2,-4.684911918E1
3.469665093E2,-3.890485318E1
3.471658135E2,-4.294634745E1
3.473664283E2,-3.765701543E1
3.475669895E2,-4.238590464E1
3.477674892E2,-4.604087751E1
3.479664225E2,-4.764623982E1
3.481664726E2,-4.280124501E1
3.483661951E2,-4.190514502E1
3.485661821E2,-4.124357997E1
3.487661209E2,-4.565385928E1
3.489663990E2,-4.408719867E1
3.491660456E2,-4.167576484E1
3.493656461E2,-4.314880031E1
3.495667310E2,-4.309032933E1
3.497663679E2,-4.765883911E1
3.499660326E2,-4.613431370E1
3.501662304E2,-3.753353511E1
3.503662384E2,-4.589827195E1
3.505574856E2,-4.094287978E1
3.507590105E2,-4.593738420E1
3.509630785E2,-4.437714796E1
3.511595926E2,-3.753650417E1
3.513639173E2,-3.225361301E1
3.515663286E2,-3.531329295E1
3.517661559E2,-3.868982653E1
3.519664785E2,-3.356923782E1
3.521662049E2,-3.194247001E1
3.523659409E2,-3.719357585E1
3.525660080E2,-3.110977042E1
3.527658599E2,-4.762373113E1
3.529669333E2,-4.028953458E1
3.531594089E2,-3.718079525E1
3.533581393E2,-4.555237925E1
3.534649136E2,-2.610237807E1
3.536671437E2,-4.117981030E1
3.538664996E2,-4.188873761E1
3.540642615E2,-3.881052919E1
3.542644733E2,-4.313145366E1
3.544663199E2,-4.301848894E1
3.546670464E2,-3.997209077E1
3.548650107E2,-4.287073097E1
3.550692686E2,-3.439156756E1
3.552660822E2,-3.874927794E1
3.554666292E2,-4.718142644E1
3.556650849E2,-4.242070429E1
3.558668732E2,-4.391944920E1
3.560665591E2,-4.588406940E1
3.562671194E2,-4.215327446E1
3.564665061E2,-3.800061984E1
3.566660504E2,-4.086344084E1
3.568621732E2,-4.413562757E1
3.570662258E2,-3.513861897E1
3.572675286E2,-3.737665891E1
3.574667172E2,-4.204419109E1
3.576664307E2,-3.186795479E1
3.578657166E2,-3.752848938E1
3.580619476E2,-3.548429585E1
3.582657523E2,-3.690834839E1
3.584660492E2,-3.734412935E1
3.586661083E2,-3.265663247E1
3.588672683E2,-3.517722271E1
3.590647677E2,-2.803763621E1
3.592588649E2,-3.759921517E1
3.594661139E2,-3.469610679E1
3.596660292E2,-4.184745305E1
3.598661959E2,-3.256033571E1
3.600658984E2,-4.041494318E1
3.602674133E2,-2.147073601E1
3.604611973E2,-3.909961691E1
3.606663099E2,-4.154076862E1
3.608664539E2,-4.360452462E1
3.610660947E2,-3.368969410E1
3.612673944E2,-3.481226853E1
3.614667049E2,-3.832301564E1
3.616611954E2,-4.089340164E1
3.618662416E2,-3.413655362E1
3.620662840E2,-4.051397397E1
3.622658664E2,-3.111279426E1
3.624674320E2,-3.118915871E1
3.626663929E2,-3.268161152E1
3.628613554E2,-4.312090660E1
3.630674166E2,-4.275843695E1
3.632663474E2,-3.921698488E1
3.634662856E2,-4.681781040E1
3.636660507E2,-3.732678634E1
3.638654702E2,-4.465949751E1
3.640632000E2,-4.515063222E1
3.642666178E2,-4.499853171E1
3.644653071E2,-4.017248746E1
3.646661003E2,-4.539945684E1
3.648656176E2,-3.932636105E1
3.650661658E2,-4.045509346E1
3.652652671E2,-4.164086040E1
3.654669206E2,-4.387197690E1
3.656663782E2,-3.810146472E1
3.658664536E2,-3.891004264E1
3.660661356E2,-3.203460868E1
3.662666098E2,-3.694201471E1
3.664659631E2,-4.174231626E1
3.666662720E2,-4.223011491E1
3.668670049E2,-3.482695392E1
3.670657508E2,-3.710111749E1
3.672678049E2,-3.935303813E1
3.674662093E2,-3.257293117E1
3.676663096E2,-3.547713493E1
3.678669132E2,-3.560646421E1
3.680666233E2,-3.063173210E1
3.682672342E2,-3.474702743E1
3.684665514E2,-3.263255350E1
3.686658729E2,-4.516915019E1
3.688672689E2,-4.343060356E1
3.690644975E2,-4.477518098E1
3.692663988E2,-4.182049859E1
3.694670760E2,-3.757268704E1
3.696658993E2,-4.031016356E1
3.698664566E2,-3.135219618E1
3.700664311E2,-3.110885592E1
3.702663197E2,-3.369845791E1
3.704669751E2,-4.289543399E1
3.706659613E2,-3.379373735E1
3.708666550E2,-2.738931797E1
3.710658655E2,-3.151179533E1
3.712672036E2,-3.239393651E1
3.714664773E2,-3.597003098E1
3.716661969E2,-4.065899942E1
3.718658917E2,-3.919554979E1
3.720664859E2,-3.978556798E1
3.722672865E2,-3.427894640E1
3.724661446E2,-4.309265496E1
3.726667216E2,-3.970484606E1
3.728661911E2,-3.682906116E1
3.730647907E2,-2.796749288E1
3.732663517E2,-3.467289663E1
3.734661520E2,-4.055264963E1
3.736666806E2,-4.154783143E1
3.738661588E2,-4.220813341E1
3.740636867E2,-2.941466598E1
3.742640105E2,-2.639517535E1
3.744609966E2,-2.961048295E1
3.746616425E2,-3.697158745E1
3.748645781E2,-3.756282815E1
3.750659240E2,-3.430993400E1
3.752661879E2,-2.959631042E1
3.754665347E2,-3.215976405E1
3.756663987E2,-4.785873699E1
3.758662190E2,-4.830167813E1
3.760660086E2,-2.639445908E1
3.762655200E2,-3.363542635E1
3.764664406E2,-4.050266532E1
3.766647190E2,-4.214042196E1
3.768647372E2,-4.174130290E1
3.770642453E2,-2.963556050E1
3.772638944E2,-3.555006516E1
3.774645126E2,-3.067689561E1
3.776668655E2,-3.147304801E1
3.778665745E2,-3.771860130E1
3.780650526E2,-3.331819622E1
3.782672419E2,-3.749620182E1
3.784661369E2,-3.378554281E1
3.786669123E2,-3.553952347E1
3.788671636E2,-3.314967493E1
3.790667071E2,-3.025174291E1
3.792671849E2,-4.319553322E1
3.794660824E2,-4.521788107E1
3.796664119E2,-3.323392747E1
3.798657993E2,-3.914813299E1
3.800669649E2,-3.141228542E1
3.802664422E2,-4.669616361E1
3.804670686E2,-4.545044351E1
3.806672631E2,-2.987596130E1
3.808662274E2,-3.829274680E1
3.810607366E2,-3.528587502E1
3.812613265E2,-4.092032178E1
3.814604068E2,-3.589921878E1
3.816612369E2,-3.880459563E1
3.818610159E2,-4.775888874E1
3.820663369E2,-3.581534812E1
3.822670822E2,-4.332263519E1
3.824659074E2,-3.968198829E1
3.826670942E2,-3.288923047E1
3.828670812E2,-2.489024743E1
3.830665304E2,-2.927503893E1
3.832661187E2,-3.242742437E1
3.834658756E2,-3.814977155E1
3.836673077E2,-3.259052366E1
3.838667705E2,-4.822763923E1
3.840673476E2,-4.764510419E1
3.842660224E2,-5.105697740E1
3.844663341E2,-4.957527086E1
3.846660344E2,-3.098365101E1
3.848663533E2,-4.485015859E1
3.850660319E2,-4.089509013E1
3.852660966E2,-3.463200061E1
3.854662513E2,-4.454185253E1
3.856672643E2,-3.344380731E1
3.858660388E2,-4.696717294E1
3.860659418E2,-4.461637328E1
3.862661434E2,-4.960656671E1
3.864666997E2,-4.491804633E1
3.866669053E2,-3.699579234E1
3.868654947E2,-3.553417242E1
3.870660126E2,-4.014510553E1
3.872662576E2,-4.181054598E1
3.874663625E2,-3.992557202E1
3.876671215E2,-4.416526038E1
3.878664563E2,-3.082020812E1
3.880660914E2,-3.122794986E1
3.882657985E2,-3.041159961E1
3.884660893E2,-4.368517179E1
3.886662344E2,-4.079018407E1
3.888659249E2,-3.153247166E1
3.890664071E2,-3.375535026E1
3.892573710E2,-3.115571434E1
3.894584173E2,-2.924059321E1
3.896589329E2,-3.144546505E1
3.898588619E2,-2.813616390E1
3.900599093E2,-3.482009420E1
3.902667379E2,-2.527649016E1
3.904675919E2,-3.155693352E1
3.906659756E2,-2.730265510E1
3.908656634E2,-3.485014020E1
3.910663080E2,-2.682638327E1
3.912662701E2,-3.540576562E1
3.914665824E2,-4.352122056E1
3.916658716E2,-2.995778890E1
3.918665519E2,-4.039717331E1
3.920661003E2,-4.040163978E1
3.922662504E2,-3.725768834E1
3.924665347E2,-4.099967472E1
3.926573551E2,-3.933976509E1
3.928589778E2,-4.804413433E1
3.930628969E2,-4.825809646E1
3.932580852E2,-4.879846659E1
3.934596541E2,-4.809843780E1
3.936673154E2,-5.026751193E1
3.938662286E2,-3.534532874E1
3.940665926E2,-3.233965422E1
3.942661043E2,-2.909860075E1
3.944664960E2,-2.045990322E1
3.946660609E2,-2.628469810E1
3.948664613E2,-3.221676147E1
3.950659511E2,-2.859975842E1
3.952669717E2,-2.687123268E1
3.954660396E2,-2.459136311E1
3.956666440E2,-3.235457593E1
3.958662028E2,-3.626172323E1
3.960661018E2,-2.335813961E1
3.962585123E2,-3.982515681E1
3.964588480E2,-4.739678046E1
3.966586754E2,-4.890401643E1
3.968590554E2,-4.913260194E1
3.970588769E2,-4.964398908E1
3.972656729E2,-2.675816399E1
3.974659886E2,-3.464057688E1
3.976659643E2,-4.483472223E1
3.978656317E2,-4.092159345E1
3.980669803E2,-4.770923719E1
3.982665849E2,-3.746226020E1
3.984666603E2,-3.915834619E1
3.986673874E2,-4.674469376E1
3.988664833E2,-3.974968936E1
3.990665436E2,-2.620162546E1
3.992656972E2,-2.727640543E1
3.994659892E2,-2.387016283E1
3.996660573E2,-3.423592989E1
3.998659938E2,-4.105655840E1
4.000661883E2,-2.928335447E1
4.002661985E2,-2.871474781E1
4.004670249E2,-3.661559768E1
4.006668243E2,-3.915256034E1
4.008658101E2,-2.309013036E1
4.010661849E2,-3.991621465E1
4.012665079E2,-4.103038430E1
4.014671873E2,-3.939251626E1
4.016656501E2,-5.062988545E1
4.018671406E2,-4.913589621E1
4.020661126E2,-3.112728036E1
4.022729501E2,-3.220214685E1
4.024659919E2,-4.224683603E1
4.026632532E2,-2.845282569E1
4.028661883E2,-3.008790713E1
4.030630622E2,-3.021220740E1
4.032665886E2,-3.112173489E1
4.034657587E2,-3.804131999E1
4.036660686E2,-3.431121140E1
4.038660062E2,-3.698887301E1
4.040636541E2,-2.885328328E1
4.042666169E2,-4.455683958E1
4.044670996E2,-4.508838902E1
4.046670664E2,-5.151206830E1
4.048662197E2,-5.155299982E1
4.050662145E2,-5.082202183E1
4.052661117E2,-5.534115080E1
4.054659283E2,-4.676293364E1
4.056664009E2,-4.591173450E1
4.058663431E2,-3.084220509E1
4.060658313E2,-3.243608076E1
4.062657892E2,-4.571931135E1
4.064647437E2,-3.294107539E1
4.066653461E2,-3.584294971E1
4.068675415E2,-3.335732974E1
4.070662313E2,-3.047895070E1
4.072661184E2,-3.046312545E1
4.074665972E2,-4.545462446E1
4.076664113E2,-4.971792704E1
4.078657788E2,-4.366715247E1
4.080668187E2,-3.373279696E1
4.082671239E2,-4.330211285E1
4.084663206E2,-2.915731030E1
4.086663046E2,-3.339008337E1
4.088668689E2,-5.370406447E1
4.090676837E2,-2.853876064E1
4.092660424E2,-5.337869814E1
4.094669018E2,-5.040379020E1
4.096659296E2,-4.760593560E1
4.098620538E2,-5.259231353E1
4.100659373E2,-4.983969833E1
4.102665597E2,-4.479273629E1
4.104662535E2,-5.162153291E1
4.106656013E2,-4.889297395E1
4.108665400E2,-4.762574431E1
4.110658329E2,-4.264982118E1
4.112669782E2,-4.995777879E1
4.114669902E2,-4.988029747E1
4.116658215E2,-4.307373401E1
4.118667514E2,-4.545054059E1
4.120661939E2,-3.543128071E1
4.122616588E2,-3.302032537E1
4.124661622E2,-4.078675738E1
4.126657547E2,-4.135414627E1
4.128658479E2,-4.658179221E1
4.130659360E2,-4.123361262E1
4.132664895E2,-4.876930730E1
4.134617843E2,-4.830697495E1
4.136670707E2,-4.970119948E1
4.138662603E2,-4.800529078E1
4.140659031E2,-4.127186086E1
4.142673621E2,-4.923963714E1
4.144666006E2,-4.722633546E1
4.146589446E2,-4.973890024E1
4.148661996E2,-4.503288053E1
4.150660929E2,-3.643388685E1
4.152660553E2,-4.496443938E1
4.154665511E2,-4.845812761E1
4.156659661E2,-4.419322607E1
4.158587384E2,-5.026642118E1
4.160675059E2,-4.352776652E1
4.162665252E2,-4.948297697E1
4.164672396E2,-4.941007548E1
4.166663686E2,-4.872169764E1
4.168672750E2,-4.997822553E1
4.170592818E2,-2.781509018E1
4.172671582E2,-4.612395426E1
4.174669996E2,-5.241281487E1
4.176665345E2,-4.894171842E1
4.178669434E2,-4.824589726E1
4.180680092E2,-4.566359721E1
4.182601043E2,-4.997282690E1
4.184617759E2,-5.017629125E1
4.186660760E2,-4.978340788E1
4.188669274E2,-5.108415984E1
4.190664089E2,-4.551140660E1
4.192663196E2,-5.312060630E1
4.194619756E2,-5.184185873E1
4.196663819E2,-4.849270131E1
4.198672895E2,-4.412208774E1
4.200655508E2,-4.555956902E1
4.202662273E2,-4.784717687E1
4.204674972E2,-4.797747174E1
4.206658827E2,-5.125357683E1
4.208667950E2,-5.116742225E1
4.210669305E2,-4.861571382E1
4.212680009E2,-4.968442499E1
4.214662726E2,-5.211782821E1
4.216664742E2,-4.385590546E1
4.218663286E2,-4.251482290E1
4.220670837E2,-5.000135593E1
4.222663036E2,-5.130835653E1
4.224678486E2,-4.710429544E1
4.226662606E2,-4.031765265E1
4.228670046E2,-2.572596498E1
4.230667659E2,-2.814400128E1
4.232670803E2,-2.884071089E1
4.234663929E2,-3.809529427E1
4.236659252E2,-4.354173341E1
4.238658701E2,-3.388449213E1
4.240565336E2,-2.788515083E1
4.242595430E2,-2.441665542E1
4.244582692E2,-2.122254674E1
4.246649587E2,-2.331469056E1
4.248579902E2,-3.156066635E1
4.249653052E2,-1.994312389E1
4.251659523E2,-1.460984570E1
4.253662646E2,-1.840074319E1
4.255656381E2,-5.112020150E1
4.257664157E2,-4.492790692E1
4.259634471E2,-3.250984063E1
4.261567320E2,-4.777528500E1
4.263587424E2,-4.956257573E1
4.265619510E2,-3.802238367E1
4.267585430E2,-3.623765711E1
4.269588606E2,-2.960740144E1
4.271634689E2,-2.915957752E1
4.273659933E2,-4.572239271E1
4.275666434E2,-5.077608310E1
4.277663796E2,-3.346019233E1
4.279656590E2,-3.501496139E1
4.281663799E2,-3.903279622E1
4.283628276E2,-3.340742223E1
4.285672867E2,-3.193183184E1
4.287670908E2,-3.387693249E1
4.289670040E2,-4.236644113E1
4.291660796E2,-3.148966201E1
4.293660022E2,-4.631199417E1
4.295660129E2,-3.184005483E1
4.297659093E2,-3.092343108E1
4.299665935E2,-4.557214418E1
4.301660313E2,-4.787988067E1
4.303662249E2,-3.796920047E1
4.305662720E2,-4.368721609E1
4.307666056E2,-2.421450529E1
4.309658101E2,-2.438122409E1
4.311661329E2,-2.087418450E1
4.313662053E2,-2.883367299E1
4.315642419E2,-2.069416674E1
4.317638904E2,-1.770103725E1
4.319642529E2,-2.393555858E1
4.321637179E2,-3.310868841E1
4.323642566E2,-4.040578848E1
4.325674276E2,-4.538420143E1
4.327661379E2,-4.583122291E1
4.329670243E2,-4.183973787E1
4.331658969E2,-4.263554475E1
4.333659053E2,-3.408267408E1
4.335659382E2,-2.537046417E1
4.337659693E2,-1.725352399E1
4.339656824E2,-1.384425240E1
4.341668726E2,-1.446230972E1
4.343674003E2,-1.173859893E1
4.345668456E2,-1.421089352E1
4.347657006E2,-1.455790961E1
4.349665181E2,-1.724217198E1
4.351591643E2,-1.550276850E1
4.353657584E2,-1.627312004E1
4.355655474E2,-3.996934874E1
4.357602046E2,-4.572248781E1
4.359619316E2,-3.537536252E1
4.361584190E2,-4.243244522E1
4.363588874E2,-4.023267142E1
4.365618428E2,-4.475397576E1
4.367601865E2,-5.058217136E1
4.369583273E2,-4.876097232E1
4.371580969E2,-4.706428223E1
4.373586775E2,-3.556634587E1
4.375586110E2,-3.680539330E1
4.377579699E2,-3.626636024E1
4.379578194E2,-2.188795889E1
4.381584301E2,-1.892569189E1
4.383583935E2,-4.069483427E1
4.385581499E2,-4.715573228E1
4.387579636E2,-4.294961644E1
4.389583782E2,-2.873099173E1
4.391585999E2,-3.663249833E1
4.393574889E2,-2.320757883E1
4.395586705E2,-2.737977738E1
4.397581711E2,-2.655256692E1
4.399586378E2,-2.409066307E1
4.401596630E2,-3.522105360E1
4.403659975E2,-2.482864343E1
4.405658996E2,-3.008229811E1
4.407660196E2,-4.363649700E1
4.409659397E2,-3.303501014E1
4.411591588E2,-3.253529292E1
4.413590021E2,-3.938114656E1
4.415664876E2,-2.456232001E1
4.417661637E2,-2.794571404E1
4.419661566E2,-2.994732865E1
4.421664190E2,-4.222856866E1
4.423584123E2,-2.377366683E1
4.425669301E2,-2.211487777E1
4.427649996E2,-1.722645429E1
4.429665902E2,-2.946299280E1
4.431661689E2,-4.739959110E1
4.433658656E2,-4.000819798E1
4.435599902E2,-4.627259476E1
4.437648098E2,-4.482041843E1
4.439666046E2,-4.168090947E1
4.441652393E2,-4.552932680E1
4.443666726E2,-4.071534848E1
4.445662480E2,-4.417295063E1
4.447585360E2,-3.816652011E1
4.448651421E2,-4.428698796E1
4.450661756E2,-5.031235099E1
4.452657985E2,-5.106331059E1
4.454666936E2,-3.246921659E1
4.456668858E2,-3.901734256E1
4.458735760E2,-4.444987477E1
4.460667034E2,-4.712959968E1
4.462659046E2,-4.721095457E1
4.464663902E2,-3.094978346E1
4.466652850E2,-3.224977261E1
4.468668584E2,-2.480248235E1
4.470630403E2,-4.568988060E1
4.472613277E2,-4.170833996E1
4.474602083E2,-3.957822258E1
4.476605406E2,-3.871779396E1
4.478589141E2,-3.725707038E1
4.480637859E2,-4.458618067E1
4.482629948E2,-4.281271680E1
4.484607970E2,-4.736660631E1
4.486594680E2,-4.000522957E1
4.488597646E2,-3.495645473E1
4.490660960E2,-4.255504431E1
4.492580144E2,-3.172966990E1
4.494609459E2,-2.998763277E1
4.496586314E2,-3.977267819E1
4.498672022E2,-3.858245834E1
4.500655705E2,-3.039862675E1
4.502664667E2,-4.215830361E1
4.504637507E2,-4.236102486E1
4.506657917E2,-3.869268350E1
4.508634050E2,-4.231317345E1
4.510664597E2,-4.244045868E1
4.512631333E2,-4.393205173E1
4.514667640E2,-4.292776064E1
4.516651292E2,-3.936010598E1
4.518661350E2,-4.267429039E1
4.520662065E2,-4.469064773E1
4.522649406E2,-4.308333921E1
4.524660686E2,-4.045682612E1
4.526660187E2,-4.298464258E1
4.528660215E2,-4.472330183E1
4.530663936E2,-4.447089045E1
4.532661406E2,-4.675323082E1
4.534665772E2,-3.037239711E1
4.536665424E2,-4.520774811E1
4.538661670E2,-4.421687207E1
4.540660828E2,-4.484424071E1
4.542621548E2,-4.521260706E1
4.544656818E2,-4.256280502E1
4.546562966E2,-4.405726153E1
4.548586209E2,-3.968156110E1
4.550595508E2,-4.275820981E1
4.552602624E2,-4.252799661E1
4.554579621E2,-4.004563736E1
4.556660267E2,-4.261474082E1
4.558658064E2,-3.852027579E1
4.560664944E2,-4.426993505E1
4.562585729E2,-4.637732027E1
4.564648040E2,-4.392340129E1
4.566657058E2,-4.654459775E1
4.568657874E2,-4.278746374E1
4.570666680E2,-4.411075636E1
4.572672363E2,-4.593868040E1
4.574660717E2,-4.487849541E1
4.576654102E2,-4.628338002E1
4.578626627E2,-4.584173863E1
4.580664791E2,-4.743600448E1
4.582662908E2,-4.559792510E1
4.584671793E2,-4.670016672E1
4.586661311E2,-4.696486226E1
4.588661236E2,-4.670607765E1
4.590667184E2,-4.564580444E1
4.592620169E2,-4.441012685E1
4.594674000E2,-3.772245098E1
4.596662886E2,-4.251142990E1
4.598658384E2,-4.142888284E1
4.600660794E2,-4.195394484E1
4.602665513E2,-4.328268048E1
4.604658750E2,-4.234015420E1
4.606662037E2,-4.370869184E1
4.608667773E2,-4.339669501E1
4.610668781E2,-4.297065320E1
4.612655689E2,-4.459593875E1
4.614663683E2,-4.104219108E1
4.616660080E2,-4.020237212E1
4.618666350E2,-3.940658537E1
4.620659773E2,-4.169329615E1
4.622666059E2,-3.960395096E1
4.624656828E2,-4.195726935E1
4.626664914E2,-4.641573531E1
4.628661612E2,-2.910916746E1
4.630662326E2,-4.227321130E1
4.632658203E2,-3.294205452E1
4.634657036E2,-4.184596978E1
4.636654670E2,-4.708709418E1
4.638659610E2,-4.580455529E1
4.640664096E2,-4.282653753E1
4.642665548E2,-2.762700175E1
4.644658206E2,-2.260012160E1
4.646658664E2,-4.450033416E1
4.648670658E2,-1.972551125E1
4.650672040E2,-3.586527728E1
4.652662086E2,-3.089343241E1
4.654658015E2,-3.463320522E1
4.656607849E2,-3.420949165E1
4.658623292E2,-3.927747733E1
4.660632953E2,-4.800600430E1
4.662613406E2,-4.585633708E1
4.664604739E2,-4.350364868E1
4.666635852E2,-4.467769566E1
4.668658612E2,-3.829777711E1
4.670661760E2,-4.426296126E1
4.672658191E2,-4.748520964E1
4.674664219E2,-4.628377725E1
4.676666120E2,-4.859611050E1
4.678664253E2,-3.700990872E1
4.680672283E2,-3.311102727E1
4.682659710E2,-4.714116824E1
4.684660904E2,-4.302563516E1
4.686666877E2,-4.770745196E1
4.688625708E2,-4.512766556E1
4.690665376E2,-4.210339566E1
4.692657276E2,-4.540593135E1
4.694663716E2,-4.741625908E1
4.696664704E2,-4.953363910E1
4.698656662E2,-4.713325005E1
4.700609566E2,-4.168647556E1
4.702660160E2,-4.281768701E1
4.704669953E2,-4.507689372E1
4.706663144E2,-4.198021269E1
4.708573932E2,-3.738516862E1
4.710586997E2,-4.755341489E1
4.712615338E2,-4.914413064E1
4.714596739E2,-4.514306866E1
4.716590040E2,-4.617750140E1
4.717660616E2,-4.479759569E1
4.719665120E2,-4.509702375E1
4.721663736E2,-4.042741596E1
4.723662227E2,-3.168171929E1
4.725671419E2,-3.482238361E1
4.727668945E2,-4.328897698E1
4.729670120E2,-3.750560921E1
4.731656738E2,-4.089010475E1
4.733661013E2,-3.927736911E1
4.735664993E2,-2.345479030E1
4.737640723E2,-2.890244170E1
4.739663659E2,-3.389333452E1
4.741670505E2,-3.024304391E1
4.743667261E2,-2.624311345E1
4.745660200E2,-3.298154428E1
4.747656627E2,-3.108031759E1
4.749655495E2,-3.877763368E1
4.751656453E2,-2.365348776E1
4.753665717E2,-2.587359158E1
4.755670240E2,-2.881882569E1
4.757656179E2,-2.713357290E1
4.759653671E2,-3.915474107E1
4.761652222E2,-3.419778429E1
4.763659295E2,-2.634762807E1
4.765661566E2,-2.553221866E1
4.767659184E2,-3.439089482E1
4.769657741E2,-3.286788191E1
4.771565110E2,-4.409680461E1
4.773583603E2,-4.449543713E1
4.775593819E2,-2.814819359E1
4.777585476E2,-4.430889012E1
4.779589105E2,-3.884219408E1
4.781659840E2,-3.528226633E1
4.783633427E2,-4.248348715E1
4.785596290E2,-4.106442205E1
4.787636015E2,-4.848138742E1
4.789659917E2,-3.558138628E1
4.791672514E2,-4.825096341E1
4.793658803E2,-4.512185400E1
4.795665923E2,-4.117092789E1
4.797667914E2,-4.712703381E1
4.799638760E2,-3.545008424E1
4.801669246E2,-4.338156237E1
4.803639846E2,-4.646740370E1
4.805643320E2,-4.876643336E1
4.807632163E2,-4.805155581E1
4.809660436E2,-5.120545769E1
4.811677730E2,-4.788299554E1
4.813658730E2,-4.543202395E1
4.815593923E2,-4.673865022E1
4.817593104E2,-4.579359098E1
4.819658341E2,-4.489145734E1
4.821658646E2,-4.261225813E1
4.823662304E2,-5.067808623E1
4.825658000E2,-5.049174157E1
4.827658985E2,-4.579955316E1
4.829667969E2,-5.013158319E1
4.831671230E2,-5.187015555E1
4.833661504E2,-5.198701718E1
4.835663973E2,-4.792227287E1
4.837653895E2,-4.562405257E1
4.839617304E2,-5.023441697E1
4.841612298E2,-4.645957004E1
4.843615298E2,-4.748961958E1
4.845599231E2,-4.035464744E1
4.847582609E2,-4.750542331E1
4.849582735E2,-4.390862662E1
4.851579954E2,-5.074381533E1
4.853608590E2,-2.958094358E1
4.855669031E2,-5.226104506E1
4.857657733E2,-4.618209191E1
4.859664840E2,-4.784804405E1
4.861671698E2,-4.491850764E1
4.863656899E2,-4.628398096E1
4.865657557E2,-3.834078500E1
4.867659982E2,-4.931804576E1
4.869651323E2,-4.576658635E1
4.871655733E2,-3.608391922E1
4.873663865E2,-5.010667077E1
4.875668471E2,-4.337507772E1
4.877657098E2,-3.752955891E1
4.879570339E2,-2.987818181E1
4.881567464E2,-4.332425328E1
4.883583950E2,-4.642436596E1
4.885578735E2,-5.069742092E1
4.887581135E2,-4.784077147E1
4.889642766E2,-3.494872533E1
4.891662313E2,-4.799920069E1
4.893660409E2,-4.904143034E1
4.895665061E2,-5.069207068E1
4.897667222E2,-4.668145794E1
4.899590864E2,-5.171963861E1
4.901579590E2,-4.337863987E1
4.903580437E2,-4.892594314E1
4.905629711E2,-4.767122335E1
4.907618877E2,-4.965132466E1
4.909598490E2,-4.940118369E1
4.911601010E2,-4.857215856E1
4.913605790E2,-4.962657621E1
4.915620843E2,-5.176198833E1
4.917599274E2,-3.923281890E1
4.919590116E2,-5.362995468E1
4.921599302E2,-3.785056698E1
4.923670916E2,-4.578842654E1
4.925664133E2,-4.369352204E1
4.927666803E2,-4.859315017E1
4.929659101E2,-4.328633561E1
4.931660840E2,-4.515544262E1
4.933661336E2,-5.079190747E1
4.935585950E2,-4.587741407E1
4.937622296E2,-5.050725572E1
4.939657899E2,-5.092690058E1
4.941601234E2,-4.300597507E1
4.943665495E2,-4.929227186E1
4.945667710E2,-4.989818077E1
4.947666763E2,-4.632225632E1
4.949660019E2,-4.787731654E1
4.951656954E2,-3.281617689E1
4.953602053E2,-2.978631990E1
4.955658271E2,-4.218374049E1
4.957668916E2,-4.461999726E1
4.959677101E2,-4.898513651E1
4.961658175E2,-4.777846719E1
4.963655369E2,-4.399824371E1
4.965601369E2,-4.112729809E1
4.967676400E2,-4.559686307E1
4.969663483E2,-4.949208927E1
4.971660890E2,-4.600389473E1
4.973667255E2,-4.644887180E1
4.975661470E2,-4.260856120E1
4.977586750E2,-4.323885332E1
4.979573667E2,-3.255412574E1
4.981583628E2,-4.158830171E1
4.983593191E2,-3.994142671E1
4.985590492E2,-3.617019262E1
4.987619412E2,-4.185005401E1
4.989619656E2,-3.662192294E1
4.991671240E2,-3.972551484E1
4.993662716E2,-4.478628526E1
4.995669698E2,-3.500787779E1
4.997655541E2,-3.826124455E1
4.999658022E2,-4.081836669E1
5.001645477E2,-4.553269091E1
5.003659092E2,-4.221234895E1
5.005658290E2,-4.354254370E1
5.007661187E2,-3.524571659E1
5.009656529E2,-4.047537613E1
5.011657111E2,-4.386311519E1
5.013669637E2,-4.292563624E1
5.015661794E2,-4.398332248E1
5.017660410E2,-4.234474092E1
5.019660216E2,-4.281362618E1
5.021666916E2,-3.658862868E1
5.023657178E2,-3.535207782E1
5.025657907E2,-3.169073635E1
5.027672963E2,-4.014246122E1
5.029661049E2,-3.638726820E1
5.031661575E2,-3.525634035E1
5.033664058E2,-3.857776940E1
5.035660600E2,-3.897939945E1
5.037661120E2,-2.979535913E1
5.039657471E2,-2.252614466E1
5.041668175E2,-2.182005995E1
5.043639233E2,-2.963064077E1
5.045655871E2,-3.205887926E1
5.047660793E2,-3.406209285E1
5.049660233E2,-3.520451270E1
5.051658130E2,-3.888728618E1
5.053661665E2,-3.860911180E1
5.055663511E2,-3.676312363E1
5.057668166E2,-4.139055474E1
5.059666627E2,-4.082953470E1
5.061638419E2,-3.971939932E1
5.063661310E2,-3.717611016E1
5.065671196E2,-3.680754525E1
5.067657055E2,-3.873908358E1
5.069656366E2,-4.031504133E1
5.071662172E2,-4.052120165E1
5.073657213E2,-4.192004571E1
5.075661833E2,-4.273716622E1
5.077660763E2,-4.316120134E1
5.079659953E2,-3.835361784E1
5.081658739E2,-3.788094513E1
5.083670800E2,-3.970270443E1
5.085657473E2,-3.869641901E1
5.087668009E2,-4.223119768E1
5.089666658E2,-4.121534606E1
5.091667156E2,-3.948997803E1
5.093656338E2,-4.101374759E1
5.095659533E2,-4.233681284E1
5.097655356E2,-4.168941219E1
5.099661378E2,-4.184895455E1
5.101667720E2,-4.456806320E1
5.103660883E2,-4.410253279E1
5.105657360E2,-4.166867705E1
5.107656981E2,-4.068179603E1
5.109663218E2,-4.528889315E1
5.111657520E2,-3.548835125E1
5.113656455E2,-4.142505916E1
5.115629030E2,-3.921941054E1
5.117660883E2,-4.504470324E1
5.119656905E2,-2.898754200E1
5.121660984E2,-3.713700658E1
5.123666880E2,-3.823563724E1
5.125657693E2,-3.882959574E1
5.127653984E2,-3.754123309E1
5.129675344E2,-4.553395819E1
5.131667966E2,-3.395558083E1
5.133661748E2,-3.798263073E1
5.135662563E2,-4.422796327E1
5.137656895E2,-2.755507959E1
5.139663560E2,-2.982933509E1
5.141656960E2,-3.226115802E1
5.143663760E2,-3.642825753E1
5.145662443E2,-4.135819845E1
5.147655591E2,-3.951190033E1
5.149659221E2,-4.381930901E1
5.151659646E2,-4.349547054E1
5.153661003E2,-4.560402996E1
5.155663268E2,-4.333911401E1
5.157660606E2,-4.519249626E1
5.159654853E2,-4.280909424E1
5.161663190E2,-4.361365555E1
5.163663794E2,-4.510393028E1
5.165660293E2,-4.358911193E1
5.167669120E2,-4.315113010E1
5.169658286E2,-2.895959605E1
5.171656320E2,-3.697781055E1
5.173659526E2,-3.717192396E1
5.175660292E2,-4.101032393E1
5.177666837E2,-4.382304968E1
5.179660348E2,-4.086154915E1
5.181597329E2,-3.836450219E1
5.183623422E2,-3.824286019E1
5.185663098E2,-3.062511322E1
5.187663566E2,-3.901947488E1
5.189668600E2,-4.006595041E1
5.191656493E2,-4.058719261E1
5.193658157E2,-4.055336788E1
5.195657656E2,-4.126019972E1
5.197656068E2,-4.359905384E1
5.199665468E2,-4.253721070E1
5.201659396E2,-3.672644724E1
5.203656619E2,-4.480254941E1
5.205661976E2,-4.430733536E1
5.207658585E2,-4.258629660E1
5.209660736E2,-4.605311510E1
5.211660612E2,-4.604016788E1
5.213669329E2,-4.614540388E1
5.215661944E2,-4.637669808E1
5.217666178E2,-4.616321380E1
5.219660541E2,-2.881364495E1
5.221658034E2,-4.328815486E1
5.223657864E2,-4.639416128E1
5.225659720E2,-4.753661641E1
5.227655236E2,-4.543859122E1
5.229676000E2,-4.357756947E1
5.231647508E2,-4.584695259E1
5.233660098E2,-3.147902056E1
5.235660403E2,-3.845074200E1
5.237658415E2,-3.050112040E1
5.239657130E2,-2.888195018E1
5.241657301E2,-4.259269675E1
5.243664190E2,-2.600082355E1
5.245658593E2,-3.918136730E1
5.247658464E2,-3.978816157E1
5.249664618E2,-3.587227902E1
5.251799400E2,-2.834849634E1
5.253665770E2,-2.964641161E1
5.255665553E2,-4.673644730E1
5.257673434E2,-2.447985636E1
5.259665621E2,-3.552241978E1
5.261656105E2,-4.191368523E1
5.263658843E2,-3.632638808E1
5.265660502E2,-5.129846712E1
5.267674073E2,-4.139364494E1
5.269664253E2,-3.730547823E1
5.271673196E2,-4.433367275E1
5.273670720E2,-4.523281109E1
5.275615662E2,-4.329806670E1
5.277648412E2,-3.217637900E1
5.279668704E2,-4.749191416E1
5.281666742E2,-4.023860553E1
5.283653960E2,-4.567660068E1
5.285581427E2,-4.091124323E1
5.287656203E2,-3.742057873E1
5.289624110E2,-3.763966383E1
5.291577296E2,-2.851290875E1
5.293606920E2,-3.613023548E1
5.295576627E2,-4.924327231E1
5.297587579E2,-4.533172305E1
5.299656387E2,-4.552711561E1
5.301653784E2,-4.508286974E1
5.303634424E2,-4.477460874E1
5.305583495E2,-3.792337102E1
5.307659668E2,-4.677757439E1
5.309654723E2,-4.483949393E1
5.311581172E2,-4.337133988E1
5.313618516E2,-4.315842677E1
5.315662739E2,-4.063270611E1
5.317660560E2,-4.517979811E1
5.319657517E2,-4.631512158E1
5.321660667E2,-4.606716147E1
5.323670539E2,-4.983280113E1
5.325661751E2,-5.263844865E1
5.327655923E2,-4.958054064E1
5.329658453E2,-5.071324754E1
5.331752363E2,-5.213549913E1
5.333668766E2,-4.394123401E1
5.335655514E2,-4.480618473E1
5.337654391E2,-3.902039497E1
5.339657388E2,-4.971154621E1
5.341654704E2,-4.085793574E1
5.343659295E2,-4.617193540E1
5.345654530E2,-4.761801591E1
5.347659673E2,-3.788741716E1
5.349658298E2,-4.900237596E1
5.351610720E2,-3.636092420E1
5.353617547E2,-3.095205832E1
5.355632904E2,-3.307877830E1
5.357659222E2,-3.935783943E1
5.359657772E2,-4.634069411E1
5.361585741E2,-4.822835313E1
5.363600763E2,-4.520951684E1
5.365577868E2,-4.547132384E1
5.367622680E2,-5.075364160E1
5.369653850E2,-4.655742436E1
5.371656686E2,-3.798377769E1
5.373660064E2,-3.866721835E1
5.375672507E2,-4.781900356E1
5.377654391E2,-4.852045124E1
5.379665203E2,-4.074719779E1
5.381661667E2,-4.493143301E1
5.383655723E2,-4.909408630E1
5.385660723E2,-4.882766563E1
5.387662901E2,-5.108282204E1
5.389658154E2,-3.486633485E1
5.391640366E2,-5.383473886E1
5.393658836E2,-5.169103946E1
5.395655787E2,-5.150353971E1
5.397665984E2,-4.367425669E1
5.399658289E2,-4.321365156E1
5.401657938E2,-4.629190414E1
5.403660222E2,-4.976246537E1
5.405660154E2,-2.871327465E1
5.407656541E2,-3.522442087E1
5.409662511E2,-4.051208309E1
5.411659206E2,-4.468485132E1
5.413668803E2,-5.123762295E1
5.415656160E2,-4.843678520E1
5.417655948E2,-4.332637335E1
5.419652670E2,-2.146864062E1
5.421662323E2,-3.938124911E1
5.423658009E2,-3.344194801E1
5.425659542E2,-4.587493640E1
5.427658836E2,-4.580816065E1
5.429659055E2,-4.941964445E1
5.431666606E2,-5.059578355E1
5.433658231E2,-4.683658052E1
5.435658569E2,-4.047057496E1
5.437658342E2,-4.217453532E1
5.439661113E2,-4.832505248E1
5.441652049E2,-3.909762851E1
5.443653176E2,-4.686964879E1
5.445657662E2,-4.786708407E1
5.447663339E2,-5.185680124E1
5.449655729E2,-3.424188991E1
5.451668138E2,-4.660154369E1
5.453657425E2,-3.720699908E1
5.455662003E2,-4.947802684E1
5.457652157E2,-4.836079871E1
5.459619370E2,-4.617258933E1
5.461660843E2,-4.321535668E1
5.463635729E2,-3.638467492E1
5.465612871E2,-3.989748296E1
5.467654270E2,-5.062507993E1
5.469645366E2,-5.277474905E1
5.471588154E2,-5.100610066E1
5.472654108E2,-3.798265848E1
5.474670033E2,-3.232481664E1
5.476660636E2,-4.656384617E1
5.478660138E2,-2.625339017E1
5.480661347E2,-4.608016869E1
5.482655865E2,-4.623967656E1
5.484657610E2,-4.672575707E1
5.486655716E2,-4.603219779E1
5.488656895E2,-5.178079173E1
5.490670403E2,-4.469439788E1
5.492654981E2,-4.587300493E1
5.494665329E2,-5.440405485E1
5.496656262E2,-2.479753970E1
5.498654505E2,-3.742938755E1
5.500661806E2,-2.271054855E1
5.502656253E2,-3.436665071E1
5.504668831E2,-2.545854437E1
5.506653043E2,-2.486858171E1
5.508656030E2,-4.141222301E1
5.510677997E2,-4.106679591E1
5.512630867E2,-4.902093337E1
5.514606676E2,-3.654132499E1
5.516602763E2,-2.759295664E1
5.518603963E2,-2.506751578E1
5.520604406E2,-3.923528753E1
5.522661747E2,-4.188951249E1
5.524617587E2,-2.438655145E1
5.526663942E2,-3.472466914E1
5.528653735E2,-2.321306433E1
5.530666788E2,-3.529933200E1
5.532660431E2,-3.390957823E1
5.534659203E2,-4.412501854E1
5.536562901E2,-3.514640597E1
5.538583597E2,-4.818104501E1
5.540572600E2,-3.751670920E1
5.542626474E2,-4.034535966E1
5.544615228E2,-4.608642307E1
5.546661093E2,-3.575538305E1
5.548656040E2,-2.523733497E1
5.550656213E2,-4.502191679E1
5.552657816E2,-3.118430334E1
5.554661116E2,-3.715721818E1
5.556654185E2,-2.502264998E1
5.558651418E2,-3.466411167E1
5.560664793E2,-3.540859434E1
5.562665203E2,-2.680000973E1
5.564657276E2,-2.479678530E1
5.566655917E2,-2.499340587E1
5.568653547E2,-2.149393143E1
5.570659850E2,-2.605648898E1
5.572668188E2,-2.432061916E1
5.574656853E2,-3.530850248E1
5.576658169E2,-3.731112661E1
5.578657950E2,-2.962203112E1
5.580662510E2,-4.613974581E1
5.582660154E2,-3.823209654E1
5.584658430E2,-2.494743440E1
5.586654310E2,-2.939339445E1
5.588657960E2,-2.787891628E1
5.590660830E2,-4.303807361E1
5.592661123E2,-4.516560158E1
5.594659270E2,-4.410675400E1
5.596658978E2,-4.573447721E1
5.598654683E2,-2.094005623E1
5.600657539E2,-3.564218123E1
5.602655354E2,-3.060944217E1
5.604656594E2,-4.412827973E1
5.606657036E2,-3.581680130E1
5.608656514E2,-2.929928279E1
5.610635585E2,-2.917510104E1
5.612652298E2,-3.945766369E1
5.614578016E2,-3.022383877E1
5.616582948E2,-4.337129747E1
5.618591483E2,-3.508986800E1
5.620619222E2,-3.594541183E1
5.622590901E2,-4.529776872E1
5.624669410E2,-3.730149275E1
5.626605576E2,-3.833147964E1
5.628614929E2,-4.468047807E1
5.630602690E2,-3.473507845E1
5.632661132E2,-4.345656146E1
5.634656646E2,-3.153399600E1
5.636655428E2,-3.233732961E1
5.638660024E2,-2.434942130E1
5.640638984E2,-2.819683735E1
5.642629538E2,-3.205160270E1
5.644605720E2,-4.192886097E1
5.646601215E2,-5.111152741E1
5.648620228E2,-2.332147827E1
5.650601836E2,-3.790094985E1
5.652657067E2,-2.782569878E1
5.654663236E2,-4.061257297E1
5.656660747E2,-2.974500194E1
5.658657376E2,-2.860661872E1
5.660669256E2,-2.153049155E1
5.662661486E2,-2.848028377E1
5.664656132E2,-4.212865840E1
5.666662733E2,-3.094889056E1
5.668665025E2,-2.952199179E1
5.670654876E2,-3.188401782E1
5.672662486E2,-4.117519326E1
5.674662677E2,-4.325250980E1
5.676644911E2,-2.318348606E1
5.678653166E2,-2.739778397E1
5.680656246E2,-2.157743121E1
5.682658076E2,-3.956038723E1
5.684599596E2,-3.075131979E1
5.686660046E2,-2.377410426E1
5.688656308E2,-3.056102637E1
5.690664628E2,-2.721348602E1
5.692648876E2,-2.423842613E1
5.694657289E2,-2.803450393E1
5.696653390E2,-3.918880514E1
5.698665573E2,-2.363421550E1
5.700574696E2,-2.201795728E1
5.702666800E2,-2.818604348E1
5.704657913E2,-2.557428196E1
5.706648083E2,-3.667968678E1
5.708653942E2,-2.173750534E1
5.710676809E2,-1.846402424E1
5.712647769E2,-2.627355820E1
5.714653705E2,-1.986305462E1
5.716657363E2,-1.726174869E1
5.718655787E2,-2.066663941E1
5.720653689E2,-2.238742605E1
5.722654910E2,-2.886847407E1
5.724604409E2,-2.514349518E1
5.726659305E2,-1.785882442E1
5.728669009E2,-1.883430420E1
5.730662941E2,-2.740971796E1
5.732657120E2,-1.938393637E1
5.734658711E2,-2.309491670E1
5.736595591E2,-1.890667566E1
5.738661200E2,-2.387573201E1
5.740661505E2,-2.421954650E1
5.742661108E2,-2.412189819E1
5.744654782E2,-4.104855042E1
5.746655071E2,-2.861469035E1
5.748611963E2,-4.926924388E1
5.750656901E2,-4.039660519E1
5.752566945E2,-4.383282909E1
5.754578627E2,-4.383774782E1
5.756619264E2,-4.240163338E1
5.758627933E2,-4.379113420E1
5.760607590E2,-2.239709616E1
5.762653520E2,-2.854236280E1
5.764652381E2,-2.654265903E1
5.766653237E2,-2.033491073E1
5.768655403E2,-3.982413279E1
5.770665213E2,-2.428672273E1
5.772589062E2,-1.903356076E1
5.774651942E2,-2.699387030E1
5.776668015E2,-2.379943333E1
5.778663643E2,-2.729711694E1
5.780665024E2,-2.774434212E1
5.782653536E2,-3.077266535E1
5.784605557E2,-4.192824028E1
5.786667855E2,-4.955732038E1
5.788664880E2,-3.080193118E1
5.790662050E2,-3.497211877E1
5.792653738E2,-5.129870667E1
5.794662994E2,-5.257385628E1
5.796607403E2,-4.859607829E1
5.798661680E2,-4.250521523E1
5.800666350E2,-5.209995774E1
5.802662258E2,-2.968133425E1
5.804656596E2,-3.481571692E1
5.806659003E2,-5.243826390E1
5.808639587E2,-2.696186655E1
5.810668216E2,-4.495107847E1
5.812661987E2,-5.124340033E1
5.814658996E2,-4.579640224E1
5.816657633E2,-4.520039728E1
5.818667745E2,-4.878693580E1
5.820657203E2,-3.319412513E1
5.822664412E2,-4.918929409E1
5.824659705E2,-4.973007682E1
5.826670560E2,-4.699875224E1
5.828659775E2,-4.362009271E1
5.830663516E2,-3.064747892E1
5.832656286E2,-4.056868934E1
5.834653693E2,-2.979483176E1
5.836652665E2,-2.978528796E1
5.838655456E2,-3.804362689E1
5.840657539E2,-3.436462760E1
5.842654409E2,-4.260267972E1
5.844657302E2,-4.864224232E1
5.846661833E2,-4.392351680E1
5.848654953E2,-4.963613079E1
5.850651517E2,-3.739688017E1
5.852659637E2,-4.654192421E1
5.854653268E2,-4.707191968E1
5.856652440E2,-4.227612093E1
5.858654090E2,-4.445809046E1
5.860654027E2,-3.295421294E1
5.862665828E2,-3.949347206E1
5.864660723E2,-4.305319558E1
5.866662369E2,-4.399173865E1
5.868655616E2,-4.569366801E1
5.870656243E2,-4.405710998E1
5.872655990E2,-3.618143298E1
5.874654926E2,-3.846332024E1
5.876664650E2,-3.975614647E1
5.878662699E2,-3.969098582E1
5.880662972E2,-3.899771527E1
5.882660163E2,-3.682627243E1
5.884666739E2,-3.838180690E1
5.886662963E2,-3.920598641E1
5.888659130E2,-3.840818755E1
5.890657480E2,-4.129626532E1
5.892659391E2,-3.656008442E1
5.894655520E2,-4.544743575E1
5.896665520E2,-4.441886970E1
5.898655080E2,-4.614714923E1
5.900665677E2,-4.299170687E1
5.902660313E2,-4.314171850E1
5.904659261E2,-4.597299865E1
5.906619169E2,-4.636411123E1
5.908581664E2,-4.773790061E1
5.910668163E2,-4.667032968E1
5.912672016E2,-4.299140306E1
5.914668563E2,-4.243860499E1
5.916676065E2,-4.608958535E1
5.918664978E2,-5.026545485E1
5.920666024E2,-5.067204392E1
5.922675104E2,-4.842617185E1
5.924615607E2,-4.919365983E1
5.926638514E2,-4.670003381E1
5.928615007E2,-5.074594871E1
5.930623154E2,-3.708678492E1
5.932607637E2,-5.033912688E1
5.934665569E2,-5.108971548E1
5.936653572E2,-5.051661632E1
5.938584813E2,-5.042745737E1
5.940577366E2,-5.224106328E1
5.942588850E2,-4.674364127E1
5.944583821E2,-5.162309688E1
5.946614049E2,-4.982393508E1
5.948659969E2,-5.049540948E1
5.950663052E2,-4.705293471E1
5.952657889E2,-4.743069468E1
5.954663859E2,-5.156077220E1
5.956666188E2,-5.000336398E1
5.958666793E2,-4.851643618E1
5.960666901E2,-4.974864962E1
5.962669751E2,-4.993679630E1
5.964657880E2,-5.032245746E1
5.966659493E2,-5.173436753E1
5.968644984E2,-4.834011733E1
5.970669487E2,-5.346971117E1
5.972655819E2,-4.254819160E1
5.974655170E2,-4.293087030E1
5.976666692E2,-5.031552242E1
5.978654757E2,-4.114168238E1
5.980655077E2,-4.873297761E1
5.982616253E2,-4.668508187E1
5.984621643E2,-4.530905453E1
5.986625985E2,-2.048497099E1
5.988607590E2,-3.483254302E1
5.990626723E2,-4.627676896E1
5.992628616E2,-4.616618307E1
5.994639007E2,-4.785351133E1
5.996657347E2,-5.195543664E1
5.998658237E2,-4.909303971E1
6.000660757E2,-5.345243794E1
6.002660367E2,-4.593328907E1
6.004656056E2,-5.025689131E1
6.006650022E2,-4.988568729E1
6.008681345E2,-5.065156996E1
6.010659893E2,-4.992300056E1
6.012663584E2,-5.304213482E1
6.014668566E2,-4.766727928E1
6.016661350E2,-5.292449678E1
6.018665018E2,-4.971599065E1
6.020654840E2,-5.107180489E1
6.022665907E2,-4.391333980E1
6.024659852E2,-4.328619089E1
6.026659376E2,-5.238391175E1
6.028665022E2,-4.310781556E1
6.030666508E2,-5.288365596E1
6.032659483E2,-5.198368574E1
6.034655123E2,-3.697017334E1
6.036660707E2,-4.638417206E1
6.038658135E2,-4.790739836E1
6.040665950E2,-4.917848065E1
6.042659704E2,-5.239174762E1
6.044647861E2,-3.885984635E1
6.046664581E2,-5.090239085E1
6.048667600E2,-5.217563503E1
6.050664824E2,-5.066592395E1
6.052651972E2,-5.071708758E1
6.054664397E2,-4.983320755E1
6.056661166E2,-5.182227629E1
6.058654093E2,-5.078410073E1
6.060660785E2,-5.075432067E1
6.062657296E2,-4.911396257E1
6.064655433E2,-4.785427088E1
6.066663096E2,-5.260615170E1
6.068656397E2,-4.965037149E1
6.070633083E2,-4.819318921E1
6.072668127E2,-5.100656069E1
6.074666067E2,-5.134307396E1
6.076654868E2,-4.928392390E1
6.078658862E2,-5.262812206E1
6.080659007E2,-4.967412321E1
6.082664785E2,-5.073838689E1
6.084664788E2,-4.920732936E1
6.086658310E2,-4.898624762E1
6.088654462E2,-4.791815806E1
6.090656893E2,-4.322015830E1
6.092659997E2,-5.158883382E1
6.094655557E2,-5.124667479E1
6.096657827E2,-4.362993637E1
6.098656175E2,-4.975283940E1
6.100659852E2,-4.396042322E1
6.102660523E2,-4.829878363E1
6.104603139E2,-4.095390266E1
6.106572338E2,-4.718981185E1
6.108580702E2,-3.222824783E1
6.110583637E2,-4.768699877E1
6.112609693E2,-4.453988342E1
6.114589625E2,-5.028059493E1
6.116661102E2,-4.808532532E1
6.118661957E2,-4.729670407E1
6.120669016E2,-4.997335703E1
6.122656843E2,-5.151209767E1
6.124655699E2,-5.032925976E1
6.126658483E2,-4.299919639E1
6.128674880E2,-5.071786097E1
6.130663864E2,-1.468711104E1
6.132654902E2,-1.457310702E1
6.134651603E2,-1.363741846E1
6.136657098E2,-1.423229509E1
6.138653750E2,-1.301095998E1
6.140659610E2,-1.751206616E1
6.142650899E2,-1.491785980E1
6.144651527E2,-1.609811751E1
6.146654363E2,-1.463666626E1
6.148651270E2,-1.392734156E1
6.150655470E2,-1.705794663E1
6.152651387E2,-1.996815865E1
6.154656987E2,-2.589153282E1
6.156655544E2,-1.505615618E1
6.158656984E2,-2.144165120E1
6.160650421E2,-1.433325993E1
6.162659901E2,-1.677348596E1
6.164651511E2,-1.748400296E1
6.166648074E2,-9.745565023E0
6.168654760E2,-9.765265187E0
6.170656655E2,-1.100063896E1
6.172648920E2,-3.298137846E1
6.174663953E2,-3.997609799E1
6.176662902E2,-4.140543199E1
6.178646874E2,-4.048726549E1
6.180661298E2,-4.416160611E1
6.182658317E2,-4.154263900E1
6.184648413E2,-4.145145216E1
6.186655631E2,-4.193281689E1
6.188654779E2,-4.032103828E1
6.190664640E2,-4.458855642E1
6.192663584E2,-4.224386994E1
6.194661424E2,-4.348399860E1
6.196654637E2,-4.451548646E1
6.198650890E2,-4.439133048E1
6.200661520E2,-4.528295489E1
6.202659733E2,-2.530402143E1
6.204650034E2,-1.409675436E1
6.206651957E2,-1.535406793E1
6.208650295E2,-1.470157069E1
6.210629447E2,-1.407968312E1
6.212675108E2,-1.725580321E1
6.214647763E2,-3.141087792E1
6.216658843E2,-4.026536556E1
6.218652790E2,-3.686454778E1
6.220657289E2,-4.227724758E1
6.222663923E2,-3.908104872E1
6.224651671E2,-3.878486456E1
6.226657747E2,-3.897289808E1
6.228658917E2,-4.292706817E1
6.230567031E2,-4.166872895E1
6.232584896E2,-4.585570662E1
6.234624591E2,-4.138331877E1
6.236590264E2,-4.375456549E1
6.238569459E2,-3.781241688E1
6.239639517E2,-3.676587899E1
6.241653818E2,-4.535511106E1
6.243669861E2,-4.359330593E1
6.245658440E2,-4.605703108E1
6.247659369E2,-4.710963041E1
6.249652781E2,-4.456907977E1
6.251660647E2,-4.242319487E1
6.253659744E2,-3.770521130E1
6.255654015E2,-3.666887988E1
6.257653455E2,-3.632742207E1
6.259658984E2,-3.334716648E1
6.261667581E2,-3.967294020E1
6.263656409E2,-3.500774920E1
6.265655634E2,-3.231912676E1
6.267655308E2,-3.134196827E1
6.269653271E2,-3.635256389E1
6.271654317E2,-3.663367903E1
6.273658129E2,-2.994825153E1
6.275659341E2,-3.951433086E1
6.277634062E2,-4.049815837E1
6.279643353E2,-4.134182770E1
6.281662856E2,-4.232380255E1
6.283653080E2,-3.773610126E1
6.285652594E2,-4.145751421E1
6.287654828E2,-4.337417896E1
6.289662930E2,-4.392560888E1
6.291665123E2,-4.283394441E1
6.293661505E2,-4.414512774E1
6.295654010E2,-4.053333491E1
6.297656507E2,-4.395988842E1
6.299655221E2,-4.280280890E1
6.301657130E2,-3.676661666E1
6.303577824E2,-4.444862771E1
6.305659093E2,-4.574212363E1
6.307665370E2,-4.023850860E1
6.309606957E2,-4.660961931E1
6.311625369E2,-4.367240664E1
6.313575738E2,-4.583894657E1
6.315666901E2,-3.952427017E1
6.317663616E2,-3.538718288E1
6.319666748E2,-4.321935324E1
6.321659440E2,-4.385309041E1
6.323667501E2,-4.261203749E1
6.325671763E2,-4.123651948E1
6.327666456E2,-4.200862046E1
6.329651280E2,-4.548029096E1
6.331611850E2,-4.368669483E1
6.333629089E2,-4.586700913E1
6.335666950E2,-4.260003887E1
6.337652539E2,-4.059950978E1
6.339653643E2,-4.920224516E1
6.341664305E2,-4.560318418E1
6.343659578E2,-4.049213665E1
6.345657132E2,-4.505094489E1
6.347649625E2,-4.144800960E1
6.349619138E2,-4.324079912E1
6.351651243E2,-3.919005220E1
6.353656178E2,-3.558940688E1
6.355655022E2,-4.468477707E1
6.357658046E2,-4.786099809E1
6.359651753E2,-4.399783523E1
6.361660230E2,-4.463749536E1
6.363662382E2,-4.375771685E1
6.365661849E2,-3.922006619E1
6.367653437E2,-4.628664951E1
6.369666904E2,-4.359397449E1
6.371653114E2,-4.516896112E1
6.373619071E2,-4.504811688E1
6.375665237E2,-4.226131659E1
6.377656203E2,-4.552565332E1
6.379661333E2,-4.701209004E1
6.381653307E2,-4.603513975E1
6.383653483E2,-4.527639416E1
6.385655523E2,-3.858863850E1
6.387656172E2,-4.230834207E1
6.389654890E2,-3.213552768E1
6.391664037E2,-3.997047188E1
6.393655305E2,-3.877334726E1
6.395653108E2,-3.798661555E1
6.397652019E2,-4.290729803E1
6.399653634E2,-4.219520425E1
6.401655847E2,-4.171665934E1
6.403657622E2,-4.388196693E1
6.405657157E2,-4.064505857E1
6.407660027E2,-3.869717534E1
6.409656914E2,-4.556813459E1
6.411658665E2,-4.507109846E1
6.413651976E2,-4.417633013E1
6.415660030E2,-4.581659136E1
6.417657163E2,-4.438145737E1
6.419661070E2,-4.504171124E1
6.421651581E2,-3.799760483E1
6.423645533E2,-4.474284603E1
6.425664809E2,-4.283173596E1
6.427663287E2,-4.183210278E1
6.429655139E2,-4.470644033E1
6.431616951E2,-4.696789765E1
6.433653981E2,-4.084922891E1
6.435656247E2,-4.429107456E1
6.437663733E2,-4.722880684E1
6.439662330E2,-4.280767165E1
6.441651864E2,-4.781820814E1
6.443650187E2,-4.308848791E1
6.445650840E2,-4.436624431E1
6.447656766E2,-4.631171511E1
6.449664310E2,-4.658696671E1
6.451667870E2,-4.651891170E1
6.453651973E2,-4.677444905E1
6.455663443E2,-4.184516266E1
6.457680942E2,-4.583071844E1
6.459653136E2,-4.520610081E1
6.461631773E2,-4.783480637E1
6.463664203E2,-4.822065915E1
6.465657868E2,-4.627915847E1
6.467662778E2,-4.767604607E1
6.469654647E2,-4.235497918E1
6.471656970E2,-4.485981690E1
6.473655277E2,-4.759137459E1
6.475654791E2,-4.775720375E1
6.477652772E2,-4.895042054E1
6.479656661E2,-4.926196146E1
6.481649480E2,-4.686260910E1
6.483653800E2,-4.696145616E1
6.485663769E2,-4.881773543E1
6.487654459E2,-4.743207697E1
6.489653050E2,-4.938185153E1
6.491653098E2,-4.364029421E1
6.493653554E2,-4.390379635E1
6.495658071E2,-4.698520575E1
6.497656812E2,-4.202548514E1
6.499657037E2,-4.353579261E1
6.501652969E2,-3.895941056E1
6.503621747E2,-3.865594302E1
6.505660738E2,-4.555839958E1
6.507657662E2,-3.769019002E1
6.509665819E2,-3.829723878E1
6.511651274E2,-3.023490214E1
6.513652535E2,-2.605125849E1
6.515654859E2,-3.453836382E1
6.517664942E2,-3.541839873E1
6.519658468E2,-3.357341794E1
6.521654590E2,-3.434936250E1
6.523665233E2,-3.411441595E1
6.525655129E2,-3.789906006E1
6.527652443E2,-3.965113961E1
6.529650693E2,-3.956856719E1
6.531655499E2,-4.086859770E1
6.533664090E2,-3.857288773E1
6.535656384E2,-3.576669460E1
6.537655385E2,-3.541545613E1
6.539652157E2,-2.962380354E1
6.541653449E2,-2.445475668E1
6.543653541E2,-2.579163922E1
6.545657000E2,-3.374389645E1
6.547657123E2,-2.692172135E1
6.549659243E2,-3.394746011E1
6.551652141E2,-3.702728579E1
6.553651683E2,-3.800726967E1
6.555656702E2,-3.845755996E1
6.557660773E2,-3.936493797E1
6.559655711E2,-3.552532512E1
6.561656406E2,-3.174813569E1
6.563659895E2,-3.167648435E1
6.565658120E2,-3.360602542E1
6.567595347E2,-3.261900138E1
6.569652127E2,-3.481295865E1
6.571656221E2,-3.566345130E1
6.573564225E2,-3.676534396E1
6.575588424E2,-3.107352971E1
6.577579203E2,-3.440271214E1
6.579585335E2,-1.870908071E1
6.581590490E2,-2.870511428E1
6.583642858E2,-2.244027336E1
6.585617600E2,-2.900021827E1
6.587616040E2,-2.721151999E1
6.589593698E2,-2.381353016E1
6.591587735E2,-1.976265481E1
6.593662022E2,-1.811904541E1
6.595665117E2,-1.773697209E1
6.597650030E2,-2.279994090E1
6.599661437E2,-2.740451480E1
6.601656271E2,-3.153656493E1
6.603590363E2,-2.896765399E1
6.605657397E2,-2.592907706E1
6.607654410E2,-2.950578790E1
6.609657185E2,-2.939938349E1
6.611645550E2,-2.942754091E1
6.613657735E2,-3.112354855E1
6.615599247E2,-3.002252859E1
6.617656850E2,-2.609044291E1
6.619661517E2,-2.788187777E1
6.621664723E2,-2.676829605E1
6.623654123E2,-3.055816582E1
6.625661754E2,-3.198704128E1
6.627625923E2,-3.357834128E1
6.629653708E2,-3.396336867E1
6.631660704E2,-3.663115557E1
6.633652806E2,-3.743069138E1
6.635657261E2,-3.728084238E1
6.637653265E2,-3.872661259E1
6.639643800E2,-3.714059678E1
6.641656293E2,-3.604009387E1
6.643654566E2,-3.579830182E1
6.645654810E2,-3.765482323E1
6.647654886E2,-3.968939396E1
6.649656797E2,-3.979930265E1
6.651652772E2,-3.993574293E1
6.653662975E2,-3.985151316E1
6.655649080E2,-4.068212586E1
6.657668910E2,-3.973948292E1
6.659652385E2,-4.257943104E1
6.661663434E2,-3.915564636E1
6.663653333E2,-4.375557435E1
6.665656634E2,-3.905511427E1
6.667653381E2,-4.321046746E1
6.669654849E2,-3.763552013E1
6.671653209E2,-3.821787851E1
6.673652280E2,-4.009969252E1
6.675641904E2,-3.808336505E1
6.677649096E2,-3.948675132E1
6.679657101E2,-3.530179369E1
6.681640927E2,-4.193304930E1
6.683558150E2,-4.210402069E1
6.685576723E2,-4.177604210E1
6.687580412E2,-4.332182619E1
6.689577582E2,-4.146619061E1
6.691627898E2,-4.047768790E1
6.693647061E2,-3.575008066E1
6.695654262E2,-4.068550604E1
6.697649674E2,-4.141035336E1
6.699659308E2,-3.973661280E1
6.701650948E2,-3.902086751E1
6.703661413E2,-4.197197984E1
6.705659240E2,-4.014073876E1
6.707660600E2,-4.171050392E1
6.709654259E2,-4.117894864E1
6.711664942E2,-4.329347517E1
6.713650865E2,-4.064866215E1
6.715650369E2,-4.233389891E1
6.717664742E2,-4.179279651E1
6.719654781E2,-4.223629365E1
6.721656587E2,-4.015874992E1
6.723653083E2,-4.319609249E1
6.725665413E2,-4.418139298E1
6.727661683E2,-4.355993124E1
6.729652234E2,-4.389287053E1
6.731662661E2,-4.065424520E1
6.733652818E2,-4.415566786E1
6.735651606E2,-4.280469697E1
6.737661828E2,-4.342272018E1
6.739659812E2,-4.452554357E1
6.741664496E2,-4.502805806E1
6.743659914E2,-4.312426417E1
6.745663539E2,-4.268148949E1
6.747650930E2,-2.990641208E1
6.749651203E2,-3.255102491E1
6.751652259E2,-2.582994222E1
6.753652978E2,-2.373090079E1
6.755654720E2,-3.190642422E1
6.757664665E2,-2.749990612E1
6.759659733E2,-3.734761808E1
6.761656981E2,-4.045460003E1
6.763654825E2,-4.099925086E1
6.765652252E2,-4.302780645E1
6.767648944E2,-4.702153737E1
6.769662108E2,-4.030726017E1
6.771651824E2,-4.576885377E1
6.773655757E2,-4.306822257E1
6.775656533E2,-4.440808299E1
6.777656018E2,-4.555916709E1
6.779676210E2,-4.324817655E1
6.781659043E2,-4.531844198E1
6.783654517E2,-4.367858103E1
6.785662773E2,-4.420842277E1
6.787651233E2,-4.420866121E1
6.789661150E2,-4.570192865E1
6.791653910E2,-4.365482710E1
6.793652517E2,-4.539213421E1
6.795655341E2,-4.287688721E1
6.797662175E2,-4.043526876E1
6.799666517E2,-4.083428040E1
6.801663114E2,-4.106487760E1
6.803651883E2,-3.969698270E1
6.805661127E2,-4.003747022E1
6.807660003E2,-3.747782900E1
6.809654067E2,-4.059698240E1
6.811652123E2,-3.991063206E1
6.813649363E2,-3.974879428E1
6.815662532E2,-4.040808424E1
6.817643972E2,-3.870858179E1
6.819599382E2,-3.845050730E1
6.821652207E2,-4.110099686E1
6.823664387E2,-4.011475940E1
6.825655384E2,-3.946334458E1
6.827646600E2,-4.071144353E1
6.829585144E2,-3.932195542E1
6.831663843E2,-4.041552315E1
6.833655573E2,-4.177722966E1
6.835623945E2,-4.409072980E1
6.837654310E2,-4.279506202E1
6.839658056E2,-4.185986598E1
6.841653197E2,-4.490285656E1
6.843648787E2,-4.323695836E1
6.845624055E2,-4.089213445E1
6.847574129E2,-4.220415892E1
6.849622701E2,-4.096005323E1
6.851607852E2,-4.153448417E1
6.853580065E2,-4.196738403E1
6.855571994E2,-4.227478396E1
6.857614496E2,-4.102948919E1
6.859578643E2,-4.316841465E1
6.861592367E2,-4.410845929E1
6.863572538E2,-4.138234363E1
6.865573840E2,-4.175816724E1
6.867576280E2,-3.905584126E1
6.869664073E2,-3.214099952E1
6.871655883E2,-3.985623031E1
6.873655083E2,-3.917940811E1
6.875649520E2,-4.014603087E1
6.877658717E2,-3.591861579E1
6.879655142E2,-3.714393572E1
6.881657050E2,-4.151900837E1
6.883653418E2,-4.398089506E1
6.885655609E2,-4.558233039E1
6.887662107E2,-4.722225824E1
6.889653172E2,-4.624544228E1
6.891655981E2,-4.847854841E1
6.893651864E2,-4.199418522E1
6.895660607E2,-3.907723212E1
6.897661640E2,-4.481814452E1
6.899652960E2,-4.312840149E1
6.901664520E2,-4.631828388E1
6.903617871E2,-2.947255033E1
6.905631456E2,-3.431249268E1
6.907663087E2,-4.552297530E1
6.909628397E2,-1.720677779E1
6.911639815E2,-3.487856655E1
6.913655784E2,-4.054918116E1
6.915659221E2,-4.421217979E1
6.917636810E2,-4.048249943E1
6.919657754E2,-3.122662404E1
6.921651822E2,-3.073438626E1
6.923656868E2,-4.183889381E1
6.925674335E2,-3.111325605E1
6.927627905E2,-3.077960409E1
6.929658290E2,-3.897075826E1
6.931658656E2,-4.165537875E1
6.933651010E2,-4.248564588E1
6.935661256E2,-4.585987604E1
6.937639148E2,-4.683559662E1
6.939655585E2,-4.691016016E1
6.941654440E2,-4.795414294E1
6.943631003E2,-4.831019630E1
6.945660797E2,-4.984581996E1
6.947598926E2,-4.679108120E1
6.949626471E2,-4.815117935E1
6.951612387E2,-4.771483560E1
6.953605354E2,-4.768395348E1
6.955633726E2,-4.940393500E1
6.957655437E2,-4.930934612E1
6.959652317E2,-4.940626893E1
6.961653560E2,-4.792734657E1
6.963653514E2,-4.931746745E1
6.965657169E2,-4.822904204E1
6.967661376E2,-4.733513756E1
6.969661200E2,-4.768408528E1
6.971652569E2,-4.708798184E1
6.973655763E2,-4.848551397E1
6.975653492E2,-4.711366521E1
6.977663813E2,-4.536931084E1
6.979656597E2,-4.805000660E1
6.981658787E2,-4.669189509E1
6.983661784E2,-4.963341584E1
6.985661864E2,-4.729569377E1
6.987657070E2,-4.677852998E1
6.989653132E2,-4.348434706E1
6.991656107E2,-4.837262103E1
6.993655139E2,-4.262042236E1
6.995659713E2,-4.592015355E1
6.997653603E2,-4.873979345E1
6.999666117E2,-4.894915818E1
7.001649073E2,-4.677410736E1
7.003664767E2,-4.539901950E1
7.005669742E2,-4.223810387E1
7.007661852E2,-4.898623401E1
7.009655173E2,-4.641683259E1
7.011559634E2,-4.670353970E1
7.013576871E2,-4.804532264E1
7.015590234E2,-4.686605123E1
7.017615634E2,-4.896303869E1
7.019587151E2,-4.823910768E1
7.021657587E2,-4.852372350E1
7.023649428E2,-4.837885837E1
7.025654107E2,-4.979448221E1
7.027651025E2,-4.726993182E1
7.029658181E2,-4.764619914E1
7.031563216E2,-4.638724223E1
7.033588044E2,-4.557605085E1
7.035590862E2,-4.661759386E1
7.037581071E2,-4.503617471E1
7.039587634E2,-4.479526394E1
7.041660428E2,-4.402747464E1
7.043653030E2,-4.362867993E1
7.045651028E2,-4.538598410E1
7.047666960E2,-4.332459709E1
7.049661022E2,-4.593211814E1
7.051652086E2,-4.460809729E1
7.053662834E2,-3.998371792E1
7.055653323E2,-4.489177298E1
7.057653714E2,-4.532186726E1
7.059656129E2,-4.132099124E1
7.061604364E2,-4.540884473E1
7.063658422E2,-4.303132991E1
7.065654981E2,-4.441481394E1
7.067669933E2,-4.239744681E1
7.069586933E2,-4.110304547E1
7.071650184E2,-4.577556698E1
7.073634480E2,-4.428651572E1
7.075653704E2,-4.598884651E1
7.077562564E2,-4.782065495E1
7.079572988E2,-4.629566835E1
7.081590064E2,-4.745692680E1
7.083578902E2,-4.918101651E1
7.085578292E2,-4.744044399E1
7.086651360E2,-4.695176707E1
7.088657372E2,-4.747199251E1
7.090667554E2,-4.488832084E1
7.092653677E2,-4.626839452E1
7.094662541E2,-4.567317175E1
7.096652258E2,-4.523107500E1
7.098655976E2,-4.770035735E1
7.100659729E2,-4.688888240E1
7.102658120E2,-4.709833649E1
7.104618498E2,-4.189686045E1
7.106659794E2,-4.504975670E1
7.108672200E2,-4.640458838E1
7.110561739E2,-4.701758511E1
7.112580951E2,-4.570130656E1
7.114580050E2,-4.519664020E1
7.116574188E2,-4.194727177E1
7.118589182E2,-3.905843527E1
7.120656348E2,-4.032404630E1
7.122653818E2,-4.285726364E1
7.124663991E2,-4.120001994E1
7.126654987E2,-3.099279662E1
7.128652560E2,-3.438904841E1
7.130660204E2,-3.155329392E1
7.132660467E2,-2.650921934E1
7.134654163E2,-2.625200430E1
7.136660412E2,-2.492059110E1
7.138664089E2,-3.153348681E1
7.140656853E2,-3.453102770E1
7.142658302E2,-3.762976058E1
7.144659440E2,-3.902326736E1
7.146660385E2,-3.777801101E1
7.148663893E2,-4.022179964E1
7.150661295E2,-4.180128172E1
7.152648985E2,-4.188270233E1
7.154654990E2,-4.195967832E1
7.156668861E2,-4.432567578E1
7.158652710E2,-4.460772116E1
7.160661603E2,-4.539918531E1
7.162656024E2,-4.640642664E1
7.164653886E2,-4.604920292E1
7.166652794E2,-4.650228118E1
7.168653529E2,-4.668076535E1
7.170658234E2,-4.709227059E1
7.172660456E2,-4.628812389E1
7.174655883E2,-4.813012086E1
7.176660871E2,-4.738397356E1
7.178661939E2,-4.721690511E1
7.180661933E2,-4.781850614E1
7.182665419E2,-4.802659743E1
7.184660246E2,-5.026104416E1
7.186654649E2,-4.775036370E1
7.188655927E2,-4.586470193E1
7.190655105E2,-4.667178088E1
7.192649861E2,-4.225453560E1
7.194647926E2,-4.778390913E1
7.196651815E2,-4.409924911E1
7.198653717E2,-4.749004545E1
7.200656255E2,-4.653518057E1
7.202653890E2,-4.534473345E1
7.204660453E2,-4.394016502E1
7.206652787E2,-4.453147130E1
7.208663221E2,-4.525770130E1
7.210658578E2,-4.501559169E1
7.212655129E2,-4.573520917E1
7.214661659E2,-4.272393757E1
7.216657957E2,-3.876052535E1
7.218661286E2,-4.456080932E1
7.220670480E2,-4.271854555E1
7.222655003E2,-4.173190041E1
7.224556021E2,-4.241681127E1
7.226572542E2,-4.453944202E1
7.228586957E2,-4.465961287E1
7.230579674E2,-4.124186212E1
7.232581040E2,-4.426337940E1
7.234661364E2,-4.529752277E1
7.236668133E2,-4.327764505E1
7.238661674E2,-4.472900982E1
7.240652028E2,-4.456667259E1
7.242651554E2,-4.215149474E1
7.244658443E2,-4.188157192E1
7.246651114E2,-4.175988293E1
7.248654268E2,-4.177584892E1
7.250650114E2,-4.158916656E1
7.252653070E2,-4.289470537E1
7.254652427E2,-4.395249565E1
7.256661212E2,-4.294087348E1
7.258653360E2,-4.301085326E1
7.260653730E2,-4.251561363E1
7.262648369E2,-3.769442339E1
7.264656976E2,-3.536035994E1
7.266645341E2,-3.703700150E1
7.268648538E2,-3.738980019E1
7.270649496E2,-3.744707536E1
7.272649434E2,-3.631655934E1
7.274651175E2,-3.376602605E1
7.276662770E2,-3.340375499E1
7.278649267E2,-3.769870589E1
7.280558723E2,-3.652093194E1
7.282562127E2,-3.840766117E1
7.284576790E2,-4.120702144E1
7.286587067E2,-3.899934966E1
7.288566963E2,-3.444748248E1
7.290569293E2,-4.082874502E1
7.292584504E2,-3.758697188E1
7.294584724E2,-3.015028841E1
7.296585064E2,-3.750282169E1
7.298661781E2,-3.614193383E1
7.300610172E2,-4.312537102E1
7.302653284E2,-3.753824713E1
7.304617705E2,-4.280994324E1
7.306645821E2,-4.457460294E1
7.308644114E2,-3.775776926E1
7.310573819E2,-3.617081044E1
7.312581859E2,-3.913832322E1
7.314569653E2,-4.132148526E1
7.316570590E2,-4.055370341E1
7.318580619E2,-4.384861912E1
7.320568501E2,-4.587710359E1
7.322574637E2,-4.635954913E1
7.324567179E2,-4.711794191E1
7.326573590E2,-4.938242357E1
7.328573594E2,-4.841220242E1
7.329716176E2,-3.464362062E1
7.332495493E2,-3.568844512E1
7.334490629E2,-4.374693846E1
7.336554435E2,-3.748696848E1
7.338563733E2,-3.905966807E1
7.340548143E2,-4.826546280E1
7.342544908E2,-4.252646250E1
7.344536013E2,-3.836976974E1
7.346551854E2,-4.082988392E1
7.348514465E2,-3.961883875E1
7.350550524E2,-4.387021080E1
7.352560475E2,-3.946990761E1
7.354541041E2,-4.226431421E1
7.356530105E2,-3.930479266E1
7.358536982E2,-3.822491205E1
7.360519814E2,-3.711273903E1
7.362549157E2,-4.352953620E1
7.364527106E2,-4.682935021E1
7.366519810E2,-4.341658847E1
7.368562305E2,-4.700443252E1
7.370510417E2,-4.907685711E1
7.372539764E2,-4.626069782E1
7.374557623E2,-4.614777868E1
7.376544518E2,-4.987206301E1
7.378536555E2,-5.144013620E1
7.380512930E2,-4.713257811E1
7.382522662E2,-4.537961805E1
7.384562428E2,-5.059944910E1
7.386557617E2,-4.970513979E1
7.388559407E2,-4.772117995E1
7.390556992E2,-4.707471666E1
7.392526810E2,-3.783179397E1
7.393904834E2,-4.149442225E1
